Workbook

Sheet README
A1: Atlas Integrated Scoring Formula Model
A3: Purpose | B3: Reproduces Levels 1 and 2 from atlas_integrated_scoring(20260811-220550).ipynb using Excel formulas linked to the five embedded source-data sheets.
A4: Update workflow | B4: Edit or replace values within the existing source rows. Do not sort source sheets unless the linked calculation rows are rebuilt.
A5: Yellow cells | B5: Source data embedded from the five standardized scoring tables.
A6: Blue headers | B6: Formula-driven calculation and output tables.
A7: Score precision | B7: Formulas retain full precision. Displayed score fields use six decimal places for auditability.
A8: Level 1 impact | B8: fish_use_score_decimal × condition_score × vulnerability_score
A9: Level 1 risk | B9: impact_component × population_priority
A10: Condition improvement | B10: Σ(condition_score × lfat_score), by BSR and action
A11: Action benefit | B11: Σ(limiting-factor risk_score × lfat_score), by BSR and action
A12: Review metadata | B12: Action definitions and review flags are not present in the embedded source tables. They do not affect the numeric scores and are omitted from the output tables.
A13: Sheet | B13: Role | C13: Primary content
A14: Fish Use | B14: Source | C14: BSR × species × life-stage fish-use ratings
A15: Population | B15: Source | C15: Basin × species × life-stage population priorities
A16: Limiting Factors | B16: Source | C16: BSR × limiting-factor condition scores
A17: Vulnerability | B17: Source | C17: Species × source life-stage × limiting-factor vulnerability
A18: LFAT | B18: Source | C18: Action × limiting-factor relationship weights
A19: Vulnerability Mapped | B19: Calculation | C19: Migration-stage collapse using the maximum source vulnerability
A20: L1 Calculation Grid | B20: Calculation | C20: 4,350 row-level impact and risk components
A21: Life Stage Scores | B21: Output | C21: Level 1 summaries by BSR, species, and life stage
A22: Limiting Factor Scores | B22: Output | C22: Level 1 summaries by BSR and limiting factor
A23: Action Components | B23: Calculation | C23: Level 2 action × limiting-factor components
A24: Action Scores | B24: Output | C24: Level 2 summaries by BSR and action type
... A26: QC | B26: Control | C26: Row-count, balance, and formula checks

Sheet Fish Use
A1: bsr | B1: basin | C1: bsr_crosswalk_status | D1: species | E1: life_stage | F1: fish_use_score_decimal
A2: CC1 | B2: Catherine Creek | C2: provisional_positional | D2: Chinook | E2: Spawning | F2: 0.4162
A3: CC1 | B3: Catherine Creek | C3: provisional_positional | D3: Chinook | E3: Winter Rearing | F3: 0.4162
A4: CC1 | B4: Catherine Creek | C4: provisional_positional | D4: Chinook | E4: Summer Rearing | F4: 0.4162
A5: CC1 | B5: Catherine Creek | C5: provisional_positional | D5: Chinook | E5: Migration | F5: 0.4162
A6: CC1 | B6: Catherine Creek | C6: provisional_positional | D6: Steelhead | E6: Spawning | F6: 0.4162
A7: CC1 | B7: Catherine Creek | C7: provisional_positional | D7: Steelhead | E7: Winter Rearing | F7: 0.4162
A8: CC1 | B8: Catherine Creek | C8: provisional_positional | D8: Steelhead | E8: Summer Rearing | F8: 0.4162
A9: CC1 | B9: Catherine Creek | C9: provisional_positional | D9: Steelhead | E9: Migration | F9: 0.4162
A10: CC1 | B10: Catherine Creek | C10: provisional_positional | D10: Bull Trout | E10: Spawning & Resident | F10: 0.4162
A11: CC1 | B11: Catherine Creek | C11: provisional_positional | D11: Bull Trout | E11: FMO | F11: 0.4162
A12: CC2 | B12: Catherine Creek | C12: provisional_positional | D12: Chinook | E12: Spawning | F12: 0.2803
A13: CC2 | B13: Catherine Creek | C13: provisional_positional | D13: Chinook | E13: Winter Rearing | F13: 0.2803
... A291: UGR20 | B291: Upper Grande Ronde | C291: exact_identifier | D291: Bull Trout | E291: FMO | F291: 0.8697

Sheet Population
A1: basin | B1: species | C1: life_stage | D1: population_priority
A2: Catherine Creek | B2: Chinook | C2: Spawning | D2: 0.12
A3: Catherine Creek | B3: Steelhead | C3: Spawning | D3: 0.25
A4: Catherine Creek | B4: Chinook | C4: Summer Rearing | D4: 0.21
A5: Catherine Creek | B5: Steelhead | C5: Summer Rearing | D5: 0.25
A6: Catherine Creek | B6: Chinook | C6: Winter Rearing | D6: 0.36
A7: Catherine Creek | B7: Steelhead | C7: Winter Rearing | D7: 0.25
A8: Catherine Creek | B8: Chinook | C8: Migration | D8: 0.3
A9: Catherine Creek | B9: Steelhead | C9: Migration | D9: 0.25
A10: Upper Grande Ronde | B10: Chinook | C10: Spawning | D10: 0.08
A11: Upper Grande Ronde | B11: Steelhead | C11: Spawning | D11: 0.25
A12: Upper Grande Ronde | B12: Chinook | C12: Summer Rearing | D12: 0.24
A13: Upper Grande Ronde | B13: Steelhead | C13: Summer Rearing | D13: 0.25
... A21: Upper Grande Ronde | B21: Bull Trout | C21: FMO | D21: 0.4

Sheet Limiting Factors
A1: bsr | B1: limiting_factor | C1: lf_condition_score_raw_1_5 | D1: lf_condition_score
A2: CC1 | B2: Riparian Condition | C2: 4.57 | D2: 0.90325
A3: CC1 | B3: Floodplain Condition | C3: 4.78 | D3: 0.9505
A4: CC1 | B4: Side Channel and Wetland Habitat | C4: 4.08 | D4: 0.793
A5: CC1 | B5: Channel and Habitat Structure | C5: 4.57 | D5: 0.90325
A6: CC1 | B6: Decreased Sediment Quantity | C6: 2.95 | D6: 0.53875
A7: CC1 | B7: Increased Sediment Quantity | C7: 4.51 | D7: 0.88975
A8: CC1 | B8: Anthropogenic Barriers | C8: 3.68 | D8: 0.703
A9: CC1 | B9: Predation | C9: 4.22 | D9: 0.8245
A10: CC1 | B10: Altered Primary Productivity | C10: 4.31 | D10: 0.84475
A11: CC1 | B11: Non-Native Species Interactions and Competition | C11: 4.64 | D11: 0.919
A12: CC1 | B12: Decreased Water Quantity | C12: 5 | D12: 1
A13: CC1 | B13: Altered Flow Timing | C13: 4.31 | D13: 0.84475
... A436: UGR9 | B436: Water Quality | C436: 3.42 | D436: 0.6445

Sheet Vulnerability
A1: species | B1: source_life_stage | C1: life_stage | D1: limiting_factor | E1: vulnerability_rank | F1: vulnerability_score
A2: Bull Trout | B2: FMO (Fluvial) | C2: FMO | D2: Summer Water Temperature | E2: 1 | F2: 1
A3: Bull Trout | B3: FMO (Fluvial) | C3: FMO | D3: Decreased Water Quantity | E3: 2 | F3: 0.93571429
A4: Bull Trout | B4: FMO (Fluvial) | C4: FMO | D4: Anthropogenic Barriers | E4: 3 | F4: 0.87142857
A5: Bull Trout | B5: FMO (Fluvial) | C5: FMO | D5: Channel and Habitat Structure | E5: 4 | F5: 0.80714286
A6: Bull Trout | B6: FMO (Fluvial) | C6: FMO | D6: Riparian Condition | E6: 5 | F6: 0.74285714
A7: Bull Trout | B7: FMO (Fluvial) | C7: FMO | D7: Water Quality | E7: 6 | F7: 0.67857143
A8: Bull Trout | B8: FMO (Fluvial) | C8: FMO | D8: Predation | E8: 7 | F8: 0.61428571
A9: Bull Trout | B9: FMO (Fluvial) | C9: FMO | D9: Side Channel and Wetland Habitat | E9: 8 | F9: 0.55
A10: Bull Trout | B10: FMO (Fluvial) | C10: FMO | D10: Floodplain Condition | E10: 9 | F10: 0.48571429
A11: Bull Trout | B11: FMO (Fluvial) | C11: FMO | D11: Non-Native Species Interactions and Competition | E11: 10 | F11: 0.42142857
A12: Bull Trout | B12: FMO (Fluvial) | C12: FMO | D12: Altered Flow Timing | E12: 11 | F12: 0.35714286
A13: Bull Trout | B13: FMO (Fluvial) | C13: FMO | D13: Altered Primary Productivity | E13: 12 | F13: 0.29285714
... A181: Steelhead | B181: Winter Rearing | C181: Winter Rearing | D181: Summer Water Temperature | E181: 15 | F181: 0.1

Sheet LFAT
A1: action_id | B1: action_type | C1: limiting_factor | D1: directness_code | E1: directness_rating | F1: directness_value | G1: frequency_code | H1: frequency_rating | I1: frequency_value | J1: lfat_score
A2: 1 | B2: Protect Land (Easement and Acquisition) | C2: Anthropogenic Barriers | D2: I | E2: Indirect Benefit | F2: 0.5 | G2: CD | H2: Context-Dependant Benefit | I2: 0.5 | J2: 0.25
A3: 1 | B3: Protect Land (Easement and Acquisition) | C3: Riparian Condition | D3: I | E3: Indirect Benefit | F3: 0.5 | G3: C | H3: Common Benefit | I3: 1 | J3: 0.5
A4: 1 | B4: Protect Land (Easement and Acquisition) | C4: Floodplain Condition | D4: I | E4: Indirect Benefit | F4: 0.5 | G4: CD | H4: Context-Dependant Benefit | I4: 0.5 | J4: 0.25
A5: 1 | B5: Protect Land (Easement and Acquisition) | C5: Side Channel and Wetland Habitat | D5: I | E5: Indirect Benefit | F5: 0.5 | G5: CD | H5: Context-Dependant Benefit | I5: 0.5 | J5: 0.25
A6: 1 | B6: Protect Land (Easement and Acquisition) | C6: Channel and Habitat Structure | D6: I | E6: Indirect Benefit | F6: 0.5 | G6: CD | H6: Context-Dependant Benefit | I6: 0.5 | J6: 0.25
A7: 1 | B7: Protect Land (Easement and Acquisition) | C7: Decreased Water Quantity | D7: I | E7: Indirect Benefit | F7: 0.5 | G7: CD | H7: Context-Dependant Benefit | I7: 0.5 | J7: 0.25
A8: 1 | B8: Protect Land (Easement and Acquisition) | C8: Altered Flow Timing | D8: I | E8: Indirect Benefit | F8: 0.5 | G8: CD | H8: Context-Dependant Benefit | I8: 0.5 | J8: 0.25
A9: 1 | B9: Protect Land (Easement and Acquisition) | C9: Decreased Sediment Quantity | D9: I | E9: Indirect Benefit | F9: 0.5 | G9: CD | H9: Context-Dependant Benefit | I9: 0.5 | J9: 0.25
A10: 1 | B10: Protect Land (Easement and Acquisition) | C10: Increased Sediment Quantity | D10: I | E10: Indirect Benefit | F10: 0.5 | G10: CD | H10: Context-Dependant Benefit | I10: 0.5 | J10: 0.25
A11: 1 | B11: Protect Land (Easement and Acquisition) | C11: Summer Water Temperature | D11: I | E11: Indirect Benefit | F11: 0.5 | G11: R | H11: Rare Benefit | I11: 0.1 | J11: 0.05
A12: 1 | B12: Protect Land (Easement and Acquisition) | C12: Winter Water Temperature | D12: I | E12: Indirect Benefit | F12: 0.5 | G12: R | H12: Rare Benefit | I12: 0.1 | J12: 0.05
A13: 1 | B13: Protect Land (Easement and Acquisition) | C13: Water Quality | D13: I | E13: Indirect Benefit | F13: 0.5 | G13: CD | H13: Context-Dependant Benefit | I13: 0.5 | J13: 0.25
... A166: 11 | B166: Species Management (non-native or unnatural) | C166: Non-Native Species Interactions and Competition | D166: D | E166: Direct Benefit | F166: 1 | G166: C | H166: Common Benefit | I166: 1 | J166: 1

Sheet Vulnerability Mapped
A1: species | B1: life_stage | C1: limiting_factor | D1: vulnerability_rank_min | E1: vulnerability_rank_max | F1: vulnerability_score_min | G1: vulnerability_score_max | H1: vulnerability_score | I1: source_vulnerability_rows | J1: source_life_stages
A2: =Vulnerability!A12 -> Bull Trout | B2: =Vulnerability!C12 -> FMO | C2: =Vulnerability!D12 -> Altered Flow Timing | D2: =MIN(Vulnerability!E12) -> 11 | E2: =MAX(Vulnerability!E12) -> 11 | F2: =MIN(Vulnerability!F12) -> 0.35714286 | G2: =MAX(Vulnerability!F12) -> 0.35714286 | H2: =MAX(Vulnerability!F12) -> 0.35714286 | I2: =COUNTA(Vulnerability!A12) -> 1 | J2: =Vulnerability!B12 -> FMO (Fluvial)
A3: =Vulnerability!A13 -> Bull Trout | B3: =Vulnerability!C13 -> FMO | C3: =Vulnerability!D13 -> Altered Primary Productivity | D3: =MIN(Vulnerability!E13) -> 12 | E3: =MAX(Vulnerability!E13) -> 12 | F3: =MIN(Vulnerability!F13) -> 0.29285714 | G3: =MAX(Vulnerability!F13) -> 0.29285714 | H3: =MAX(Vulnerability!F13) -> 0.29285714 | I3: =COUNTA(Vulnerability!A13) -> 1 | J3: =Vulnerability!B13 -> FMO (Fluvial)
A4: =Vulnerability!A4 -> Bull Trout | B4: =Vulnerability!C4 -> FMO | C4: =Vulnerability!D4 -> Anthropogenic Barriers | D4: =MIN(Vulnerability!E4) -> 3 | E4: =MAX(Vulnerability!E4) -> 3 | F4: =MIN(Vulnerability!F4) -> 0.87142857 | G4: =MAX(Vulnerability!F4) -> 0.87142857 | H4: =MAX(Vulnerability!F4) -> 0.87142857 | I4: =COUNTA(Vulnerability!A4) -> 1 | J4: =Vulnerability!B4 -> FMO (Fluvial)
A5: =Vulnerability!A5 -> Bull Trout | B5: =Vulnerability!C5 -> FMO | C5: =Vulnerability!D5 -> Channel and Habitat Structure | D5: =MIN(Vulnerability!E5) -> 4 | E5: =MAX(Vulnerability!E5) -> 4 | F5: =MIN(Vulnerability!F5) -> 0.80714286 | G5: =MAX(Vulnerability!F5) -> 0.80714286 | H5: =MAX(Vulnerability!F5) -> 0.80714286 | I5: =COUNTA(Vulnerability!A5) -> 1 | J5: =Vulnerability!B5 -> FMO (Fluvial)
A6: =Vulnerability!A14 -> Bull Trout | B6: =Vulnerability!C14 -> FMO | C6: =Vulnerability!D14 -> Decreased Sediment Quantity | D6: =MIN(Vulnerability!E14) -> 13 | E6: =MAX(Vulnerability!E14) -> 13 | F6: =MIN(Vulnerability!F14) -> 0.22857143 | G6: =MAX(Vulnerability!F14) -> 0.22857143 | H6: =MAX(Vulnerability!F14) -> 0.22857143 | I6: =COUNTA(Vulnerability!A14) -> 1 | J6: =Vulnerability!B14 -> FMO (Fluvial)
A7: =Vulnerability!A3 -> Bull Trout | B7: =Vulnerability!C3 -> FMO | C7: =Vulnerability!D3 -> Decreased Water Quantity | D7: =MIN(Vulnerability!E3) -> 2 | E7: =MAX(Vulnerability!E3) -> 2 | F7: =MIN(Vulnerability!F3) -> 0.93571429 | G7: =MAX(Vulnerability!F3) -> 0.93571429 | H7: =MAX(Vulnerability!F3) -> 0.93571429 | I7: =COUNTA(Vulnerability!A3) -> 1 | J7: =Vulnerability!B3 -> FMO (Fluvial)
A8: =Vulnerability!A10 -> Bull Trout | B8: =Vulnerability!C10 -> FMO | C8: =Vulnerability!D10 -> Floodplain Condition | D8: =MIN(Vulnerability!E10) -> 9 | E8: =MAX(Vulnerability!E10) -> 9 | F8: =MIN(Vulnerability!F10) -> 0.48571429 | G8: =MAX(Vulnerability!F10) -> 0.48571429 | H8: =MAX(Vulnerability!F10) -> 0.48571429 | I8: =COUNTA(Vulnerability!A10) -> 1 | J8: =Vulnerability!B10 -> FMO (Fluvial)
A9: =Vulnerability!A15 -> Bull Trout | B9: =Vulnerability!C15 -> FMO | C9: =Vulnerability!D15 -> Increased Sediment Quantity | D9: =MIN(Vulnerability!E15) -> 14 | E9: =MAX(Vulnerability!E15) -> 14 | F9: =MIN(Vulnerability!F15) -> 0.16428571 | G9: =MAX(Vulnerability!F15) -> 0.16428571 | H9: =MAX(Vulnerability!F15) -> 0.16428571 | I9: =COUNTA(Vulnerability!A15) -> 1 | J9: =Vulnerability!B15 -> FMO (Fluvial)
A10: =Vulnerability!A11 -> Bull Trout | B10: =Vulnerability!C11 -> FMO | C10: =Vulnerability!D11 -> Non-Native Species Interactions and Competition | D10: =MIN(Vulnerability!E11) -> 10 | E10: =MAX(Vulnerability!E11) -> 10 | F10: =MIN(Vulnerability!F11) -> 0.42142857 | G10: =MAX(Vulnerability!F11) -> 0.42142857 | H10: =MAX(Vulnerability!F11) -> 0.42142857 | I10: =COUNTA(Vulnerability!A11) -> 1 | J10: =Vulnerability!B11 -> FMO (Fluvial)
A11: =Vulnerability!A8 -> Bull Trout | B11: =Vulnerability!C8 -> FMO | C11: =Vulnerability!D8 -> Predation | D11: =MIN(Vulnerability!E8) -> 7 | E11: =MAX(Vulnerability!E8) -> 7 | F11: =MIN(Vulnerability!F8) -> 0.61428571 | G11: =MAX(Vulnerability!F8) -> 0.61428571 | H11: =MAX(Vulnerability!F8) -> 0.61428571 | I11: =COUNTA(Vulnerability!A8) -> 1 | J11: =Vulnerability!B8 -> FMO (Fluvial)
A12: =Vulnerability!A6 -> Bull Trout | B12: =Vulnerability!C6 -> FMO | C12: =Vulnerability!D6 -> Riparian Condition | D12: =MIN(Vulnerability!E6) -> 5 | E12: =MAX(Vulnerability!E6) -> 5 | F12: =MIN(Vulnerability!F6) -> 0.74285714 | G12: =MAX(Vulnerability!F6) -> 0.74285714 | H12: =MAX(Vulnerability!F6) -> 0.74285714 | I12: =COUNTA(Vulnerability!A6) -> 1 | J12: =Vulnerability!B6 -> FMO (Fluvial)
A13: =Vulnerability!A9 -> Bull Trout | B13: =Vulnerability!C9 -> FMO | C13: =Vulnerability!D9 -> Side Channel and Wetland Habitat | D13: =MIN(Vulnerability!E9) -> 8 | E13: =MAX(Vulnerability!E9) -> 8 | F13: =MIN(Vulnerability!F9) -> 0.55 | G13: =MAX(Vulnerability!F9) -> 0.55 | H13: =MAX(Vulnerability!F9) -> 0.55 | I13: =COUNTA(Vulnerability!A9) -> 1 | J13: =Vulnerability!B9 -> FMO (Fluvial)
A14: =Vulnerability!A2 -> Bull Trout | B14: =Vulnerability!C2 -> FMO | C14: =Vulnerability!D2 -> Summer Water Temperature | D14: =MIN(Vulnerability!E2) -> 1 | E14: =MAX(Vulnerability!E2) -> 1 | F14: =MIN(Vulnerability!F2) -> 1 | G14: =MAX(Vulnerability!F2) -> 1 | H14: =MAX(Vulnerability!F2) -> 1 | I14: =COUNTA(Vulnerability!A2) -> 1 | J14: =Vulnerability!B2 -> FMO (Fluvial)
A15: =Vulnerability!A7 -> Bull Trout | B15: =Vulnerability!C7 -> FMO | C15: =Vulnerability!D7 -> Water Quality | D15: =MIN(Vulnerability!E7) -> 6 | E15: =MAX(Vulnerability!E7) -> 6 | F15: =MIN(Vulnerability!F7) -> 0.67857143 | G15: =MAX(Vulnerability!F7) -> 0.67857143 | H15: =MAX(Vulnerability!F7) -> 0.67857143 | I15: =COUNTA(Vulnerability!A7) -> 1 | J15: =Vulnerability!B7 -> FMO (Fluvial)
A16: =Vulnerability!A16 -> Bull Trout | B16: =Vulnerability!C16 -> FMO | C16: =Vulnerability!D16 -> Winter Water Temperature | D16: =MIN(Vulnerability!E16) -> 15 | E16: =MAX(Vulnerability!E16) -> 15 | F16: =MIN(Vulnerability!F16) -> 0.1 | G16: =MAX(Vulnerability!F16) -> 0.1 | H16: =MAX(Vulnerability!F16) -> 0.1 | I16: =COUNTA(Vulnerability!A16) -> 1 | J16: =Vulnerability!B16 -> FMO (Fluvial)
A17: =Vulnerability!A29 -> Bull Trout | B17: =Vulnerability!C29 -> Spawning & Resident | C17: =Vulnerability!D29 -> Altered Flow Timing | D17: =MIN(Vulnerability!E29) -> 13 | E17: =MAX(Vulnerability!E29) -> 13 | F17: =MIN(Vulnerability!F29) -> 0.22857143 | G17: =MAX(Vulnerability!F29) -> 0.22857143 | H17: =MAX(Vulnerability!F29) -> 0.22857143 | I17: =COUNTA(Vulnerability!A29) -> 1 | J17: =Vulnerability!B29 -> Spawning/Rearing (fluvial) & Resident
A18: =Vulnerability!A30 -> Bull Trout | B18: =Vulnerability!C30 -> Spawning & Resident | C18: =Vulnerability!D30 -> Altered Primary Productivity | D18: =MIN(Vulnerability!E30) -> 14 | E18: =MAX(Vulnerability!E30) -> 14 | F18: =MIN(Vulnerability!F30) -> 0.16428571 | G18: =MAX(Vulnerability!F30) -> 0.16428571 | H18: =MAX(Vulnerability!F30) -> 0.16428571 | I18: =COUNTA(Vulnerability!A30) -> 1 | J18: =Vulnerability!B30 -> Spawning/Rearing (fluvial) & Resident
A19: =Vulnerability!A26 -> Bull Trout | B19: =Vulnerability!C26 -> Spawning & Resident | C19: =Vulnerability!D26 -> Anthropogenic Barriers | D19: =MIN(Vulnerability!E26) -> 10 | E19: =MAX(Vulnerability!E26) -> 10 | F19: =MIN(Vulnerability!F26) -> 0.42142857 | G19: =MAX(Vulnerability!F26) -> 0.42142857 | H19: =MAX(Vulnerability!F26) -> 0.42142857 | I19: =COUNTA(Vulnerability!A26) -> 1 | J19: =Vulnerability!B26 -> Spawning/Rearing (fluvial) & Resident
A20: =Vulnerability!A19 -> Bull Trout | B20: =Vulnerability!C19 -> Spawning & Resident | C20: =Vulnerability!D19 -> Channel and Habitat Structure | D20: =MIN(Vulnerability!E19) -> 3 | E20: =MAX(Vulnerability!E19) -> 3 | F20: =MIN(Vulnerability!F19) -> 0.87142857 | G20: =MAX(Vulnerability!F19) -> 0.87142857 | H20: =MAX(Vulnerability!F19) -> 0.87142857 | I20: =COUNTA(Vulnerability!A19) -> 1 | J20: =Vulnerability!B19 -> Spawning/Rearing (fluvial) & Resident
A21: =Vulnerability!A21 -> Bull Trout | B21: =Vulnerability!C21 -> Spawning & Resident | C21: =Vulnerability!D21 -> Decreased Sediment Quantity | D21: =MIN(Vulnerability!E21) -> 5 | E21: =MAX(Vulnerability!E21) -> 5 | F21: =MIN(Vulnerability!F21) -> 0.74285714 | G21: =MAX(Vulnerability!F21) -> 0.74285714 | H21: =MAX(Vulnerability!F21) -> 0.74285714 | I21: =COUNTA(Vulnerability!A21) -> 1 | J21: =Vulnerability!B21 -> Spawning/Rearing (fluvial) & Resident
A22: =Vulnerability!A24 -> Bull Trout | B22: =Vulnerability!C24 -> Spawning & Resident | C22: =Vulnerability!D24 -> Decreased Water Quantity | D22: =MIN(Vulnerability!E24) -> 8 | E22: =MAX(Vulnerability!E24) -> 8 | F22: =MIN(Vulnerability!F24) -> 0.55 | G22: =MAX(Vulnerability!F24) -> 0.55 | H22: =MAX(Vulnerability!F24) -> 0.55 | I22: =COUNTA(Vulnerability!A24) -> 1 | J22: =Vulnerability!B24 -> Spawning/Rearing (fluvial) & Resident
A23: =Vulnerability!A27 -> Bull Trout | B23: =Vulnerability!C27 -> Spawning & Resident | C23: =Vulnerability!D27 -> Floodplain Condition | D23: =MIN(Vulnerability!E27) -> 11 | E23: =MAX(Vulnerability!E27) -> 11 | F23: =MIN(Vulnerability!F27) -> 0.35714286 | G23: =MAX(Vulnerability!F27) -> 0.35714286 | H23: =MAX(Vulnerability!F27) -> 0.35714286 | I23: =COUNTA(Vulnerability!A27) -> 1 | J23: =Vulnerability!B27 -> Spawning/Rearing (fluvial) & Resident
A24: =Vulnerability!A22 -> Bull Trout | B24: =Vulnerability!C22 -> Spawning & Resident | C24: =Vulnerability!D22 -> Increased Sediment Quantity | D24: =MIN(Vulnerability!E22) -> 6 | E24: =MAX(Vulnerability!E22) -> 6 | F24: =MIN(Vulnerability!F22) -> 0.67857143 | G24: =MAX(Vulnerability!F22) -> 0.67857143 | H24: =MAX(Vulnerability!F22) -> 0.67857143 | I24: =COUNTA(Vulnerability!A22) -> 1 | J24: =Vulnerability!B22 -> Spawning/Rearing (fluvial) & Resident
A25: =Vulnerability!A18 -> Bull Trout | B25: =Vulnerability!C18 -> Spawning & Resident | C25: =Vulnerability!D18 -> Non-Native Species Interactions and Competition | D25: =MIN(Vulnerability!E18) -> 2 | E25: =MAX(Vulnerability!E18) -> 2 | F25: =MIN(Vulnerability!F18) -> 0.93571429 | G25: =MAX(Vulnerability!F18) -> 0.93571429 | H25: =MAX(Vulnerability!F18) -> 0.93571429 | I25: =COUNTA(Vulnerability!A18) -> 1 | J25: =Vulnerability!B18 -> Spawning/Rearing (fluvial) & Resident
A26: =Vulnerability!A25 -> Bull Trout | B26: =Vulnerability!C25 -> Spawning & Resident | C26: =Vulnerability!D25 -> Predation | D26: =MIN(Vulnerability!E25) -> 9 | E26: =MAX(Vulnerability!E25) -> 9 | F26: =MIN(Vulnerability!F25) -> 0.48571429 | G26: =MAX(Vulnerability!F25) -> 0.48571429 | H26: =MAX(Vulnerability!F25) -> 0.48571429 | I26: =COUNTA(Vulnerability!A25) -> 1 | J26: =Vulnerability!B25 -> Spawning/Rearing (fluvial) & Resident
A27: =Vulnerability!A20 -> Bull Trout | B27: =Vulnerability!C20 -> Spawning & Resident | C27: =Vulnerability!D20 -> Riparian Condition | D27: =MIN(Vulnerability!E20) -> 4 | E27: =MAX(Vulnerability!E20) -> 4 | F27: =MIN(Vulnerability!F20) -> 0.80714286 | G27: =MAX(Vulnerability!F20) -> 0.80714286 | H27: =MAX(Vulnerability!F20) -> 0.80714286 | I27: =COUNTA(Vulnerability!A20) -> 1 | J27: =Vulnerability!B20 -> Spawning/Rearing (fluvial) & Resident
A28: =Vulnerability!A23 -> Bull Trout | B28: =Vulnerability!C23 -> Spawning & Resident | C28: =Vulnerability!D23 -> Side Channel and Wetland Habitat | D28: =MIN(Vulnerability!E23) -> 7 | E28: =MAX(Vulnerability!E23) -> 7 | F28: =MIN(Vulnerability!F23) -> 0.61428571 | G28: =MAX(Vulnerability!F23) -> 0.61428571 | H28: =MAX(Vulnerability!F23) -> 0.61428571 | I28: =COUNTA(Vulnerability!A23) -> 1 | J28: =Vulnerability!B23 -> Spawning/Rearing (fluvial) & Resident
A29: =Vulnerability!A17 -> Bull Trout | B29: =Vulnerability!C17 -> Spawning & Resident | C29: =Vulnerability!D17 -> Summer Water Temperature | D29: =MIN(Vulnerability!E17) -> 1 | E29: =MAX(Vulnerability!E17) -> 1 | F29: =MIN(Vulnerability!F17) -> 1 | G29: =MAX(Vulnerability!F17) -> 1 | H29: =MAX(Vulnerability!F17) -> 1 | I29: =COUNTA(Vulnerability!A17) -> 1 | J29: =Vulnerability!B17 -> Spawning/Rearing (fluvial) & Resident
A30: =Vulnerability!A31 -> Bull Trout | B30: =Vulnerability!C31 -> Spawning & Resident | C30: =Vulnerability!D31 -> Water Quality | D30: =MIN(Vulnerability!E31) -> 15 | E30: =MAX(Vulnerability!E31) -> 15 | F30: =MIN(Vulnerability!F31) -> 0.1 | G30: =MAX(Vulnerability!F31) -> 0.1 | H30: =MAX(Vulnerability!F31) -> 0.1 | I30: =COUNTA(Vulnerability!A31) -> 1 | J30: =Vulnerability!B31 -> Spawning/Rearing (fluvial) & Resident
A31: =Vulnerability!A28 -> Bull Trout | B31: =Vulnerability!C28 -> Spawning & Resident | C31: =Vulnerability!D28 -> Winter Water Temperature | D31: =MIN(Vulnerability!E28) -> 12 | E31: =MAX(Vulnerability!E28) -> 12 | F31: =MIN(Vulnerability!F28) -> 0.29285714 | G31: =MAX(Vulnerability!F28) -> 0.29285714 | H31: =MAX(Vulnerability!F28) -> 0.29285714 | I31: =COUNTA(Vulnerability!A28) -> 1 | J31: =Vulnerability!B28 -> Spawning/Rearing (fluvial) & Resident
A32: =Vulnerability!A35 -> Chinook | B32: =Vulnerability!C35 -> Migration | C32: =Vulnerability!D35 -> Altered Flow Timing | D32: =MIN(Vulnerability!E35,Vulnerability!E50) -> 4 | E32: =MAX(Vulnerability!E35,Vulnerability!E50) -> 4 | F32: =MIN(Vulnerability!F35,Vulnerability!F50) -> 0.80714286 | G32: =MAX(Vulnerability!F35,Vulnerability!F50) -> 0.80714286 | H32: =MAX(Vulnerability!F35,Vulnerability!F50) -> 0.80714286 | I32: =COUNTA(Vulnerability!A35,Vulnerability!A50) -> 2 | J32: =Vulnerability!B35&" | "&Vulnerability!B50 -> Adult Migration & Holding | Juvenile Emigration
A33: =Vulnerability!A44 -> Chinook | B33: =Vulnerability!C44 -> Migration | C33: =Vulnerability!D44 -> Altered Primary Productivity | D33: =MIN(Vulnerability!E44,Vulnerability!E56) -> 10 | E33: =MAX(Vulnerability!E44,Vulnerability!E56) -> 13 | F33: =MIN(Vulnerability!F44,Vulnerability!F56) -> 0.22857143 | G33: =MAX(Vulnerability!F44,Vulnerability!F56) -> 0.42142857 | H33: =MAX(Vulnerability!F44,Vulnerability!F56) -> 0.42142857 | I33: =COUNTA(Vulnerability!A44,Vulnerability!A56) -> 2 | J33: =Vulnerability!B44&" | "&Vulnerability!B56 -> Adult Migration & Holding | Juvenile Emigration
A34: =Vulnerability!A33 -> Chinook | B34: =Vulnerability!C33 -> Migration | C34: =Vulnerability!D33 -> Anthropogenic Barriers | D34: =MIN(Vulnerability!E33,Vulnerability!E59) -> 2 | E34: =MAX(Vulnerability!E33,Vulnerability!E59) -> 13 | F34: =MIN(Vulnerability!F33,Vulnerability!F59) -> 0.22857143 | G34: =MAX(Vulnerability!F33,Vulnerability!F59) -> 0.93571429 | H34: =MAX(Vulnerability!F33,Vulnerability!F59) -> 0.93571429 | I34: =COUNTA(Vulnerability!A33,Vulnerability!A59) -> 2 | J34: =Vulnerability!B33&" | "&Vulnerability!B59 -> Adult Migration & Holding | Juvenile Emigration
A35: =Vulnerability!A36 -> Chinook | B35: =Vulnerability!C36 -> Migration | C35: =Vulnerability!D36 -> Channel and Habitat Structure | D35: =MIN(Vulnerability!E36,Vulnerability!E49) -> 3 | E35: =MAX(Vulnerability!E36,Vulnerability!E49) -> 5 | F35: =MIN(Vulnerability!F36,Vulnerability!F49) -> 0.74285714 | G35: =MAX(Vulnerability!F36,Vulnerability!F49) -> 0.87142857 | H35: =MAX(Vulnerability!F36,Vulnerability!F49) -> 0.87142857 | I35: =COUNTA(Vulnerability!A36,Vulnerability!A49) -> 2 | J35: =Vulnerability!B36&" | "&Vulnerability!B49 -> Adult Migration & Holding | Juvenile Emigration
A36: =Vulnerability!A42 -> Chinook | B36: =Vulnerability!C42 -> Migration | C36: =Vulnerability!D42 -> Decreased Sediment Quantity | D36: =MIN(Vulnerability!E42,Vulnerability!E58) -> 11 | E36: =MAX(Vulnerability!E42,Vulnerability!E58) -> 12 | F36: =MIN(Vulnerability!F42,Vulnerability!F58) -> 0.29285714 | G36: =MAX(Vulnerability!F42,Vulnerability!F58) -> 0.35714286 | H36: =MAX(Vulnerability!F42,Vulnerability!F58) -> 0.35714286 | I36: =COUNTA(Vulnerability!A42,Vulnerability!A58) -> 2 | J36: =Vulnerability!B42&" | "&Vulnerability!B58 -> Adult Migration & Holding | Juvenile Emigration
A37: =Vulnerability!A34 -> Chinook | B37: =Vulnerability!C34 -> Migration | C37: =Vulnerability!D34 -> Decreased Water Quantity | D37: =MIN(Vulnerability!E34,Vulnerability!E48) -> 2 | E37: =MAX(Vulnerability!E34,Vulnerability!E48) -> 3 | F37: =MIN(Vulnerability!F34,Vulnerability!F48) -> 0.87142857 | G37: =MAX(Vulnerability!F34,Vulnerability!F48) -> 0.93571429 | H37: =MAX(Vulnerability!F34,Vulnerability!F48) -> 0.93571429 | I37: =COUNTA(Vulnerability!A34,Vulnerability!A48) -> 2 | J37: =Vulnerability!B34&" | "&Vulnerability!B48 -> Adult Migration & Holding | Juvenile Emigration
A38: =Vulnerability!A39 -> Chinook | B38: =Vulnerability!C39 -> Migration | C38: =Vulnerability!D39 -> Floodplain Condition | D38: =MIN(Vulnerability!E39,Vulnerability!E52) -> 6 | E38: =MAX(Vulnerability!E39,Vulnerability!E52) -> 8 | F38: =MIN(Vulnerability!F39,Vulnerability!F52) -> 0.55 | G38: =MAX(Vulnerability!F39,Vulnerability!F52) -> 0.67857143 | H38: =MAX(Vulnerability!F39,Vulnerability!F52) -> 0.67857143 | I38: =COUNTA(Vulnerability!A39,Vulnerability!A52) -> 2 | J38: =Vulnerability!B39&" | "&Vulnerability!B52 -> Adult Migration & Holding | Juvenile Emigration
A39: =Vulnerability!A41 -> Chinook | B39: =Vulnerability!C41 -> Migration | C39: =Vulnerability!D41 -> Increased Sediment Quantity | D39: =MIN(Vulnerability!E41,Vulnerability!E57) -> 10 | E39: =MAX(Vulnerability!E41,Vulnerability!E57) -> 11 | F39: =MIN(Vulnerability!F41,Vulnerability!F57) -> 0.35714286 | G39: =MAX(Vulnerability!F41,Vulnerability!F57) -> 0.42142857 | H39: =MAX(Vulnerability!F41,Vulnerability!F57) -> 0.42142857 | I39: =COUNTA(Vulnerability!A41,Vulnerability!A57) -> 2 | J39: =Vulnerability!B41&" | "&Vulnerability!B57 -> Adult Migration & Holding | Juvenile Emigration
A40: =Vulnerability!A43 -> Chinook | B40: =Vulnerability!C43 -> Migration | C40: =Vulnerability!D43 -> Non-Native Species Interactions and Competition | D40: =MIN(Vulnerability!E43,Vulnerability!E54) -> 8 | E40: =MAX(Vulnerability!E43,Vulnerability!E54) -> 12 | F40: =MIN(Vulnerability!F43,Vulnerability!F54) -> 0.29285714 | G40: =MAX(Vulnerability!F43,Vulnerability!F54) -> 0.55 | H40: =MAX(Vulnerability!F43,Vulnerability!F54) -> 0.55 | I40: =COUNTA(Vulnerability!A43,Vulnerability!A54) -> 2 | J40: =Vulnerability!B43&" | "&Vulnerability!B54 -> Adult Migration & Holding | Juvenile Emigration
A41: =Vulnerability!A45 -> Chinook | B41: =Vulnerability!C45 -> Migration | C41: =Vulnerability!D45 -> Predation | D41: =MIN(Vulnerability!E45,Vulnerability!E47) -> 1 | E41: =MAX(Vulnerability!E45,Vulnerability!E47) -> 14 | F41: =MIN(Vulnerability!F45,Vulnerability!F47) -> 0.16428571 | G41: =MAX(Vulnerability!F45,Vulnerability!F47) -> 1 | H41: =MAX(Vulnerability!F45,Vulnerability!F47) -> 1 | I41: =COUNTA(Vulnerability!A45,Vulnerability!A47) -> 2 | J41: =Vulnerability!B45&" | "&Vulnerability!B47 -> Adult Migration & Holding | Juvenile Emigration
A42: =Vulnerability!A40 -> Chinook | B42: =Vulnerability!C40 -> Migration | C42: =Vulnerability!D40 -> Riparian Condition | D42: =MIN(Vulnerability!E40,Vulnerability!E60) -> 9 | E42: =MAX(Vulnerability!E40,Vulnerability!E60) -> 14 | F42: =MIN(Vulnerability!F40,Vulnerability!F60) -> 0.16428571 | G42: =MAX(Vulnerability!F40,Vulnerability!F60) -> 0.48571429 | H42: =MAX(Vulnerability!F40,Vulnerability!F60) -> 0.48571429 | I42: =COUNTA(Vulnerability!A40,Vulnerability!A60) -> 2 | J42: =Vulnerability!B40&" | "&Vulnerability!B60 -> Adult Migration & Holding | Juvenile Emigration
A43: =Vulnerability!A38 -> Chinook | B43: =Vulnerability!C38 -> Migration | C43: =Vulnerability!D38 -> Side Channel and Wetland Habitat | D43: =MIN(Vulnerability!E38,Vulnerability!E53) -> 7 | E43: =MAX(Vulnerability!E38,Vulnerability!E53) -> 7 | F43: =MIN(Vulnerability!F38,Vulnerability!F53) -> 0.61428571 | G43: =MAX(Vulnerability!F38,Vulnerability!F53) -> 0.61428571 | H43: =MAX(Vulnerability!F38,Vulnerability!F53) -> 0.61428571 | I43: =COUNTA(Vulnerability!A38,Vulnerability!A53) -> 2 | J43: =Vulnerability!B38&" | "&Vulnerability!B53 -> Adult Migration & Holding | Juvenile Emigration
A44: =Vulnerability!A32 -> Chinook | B44: =Vulnerability!C32 -> Migration | C44: =Vulnerability!D32 -> Summer Water Temperature | D44: =MIN(Vulnerability!E32,Vulnerability!E61) -> 1 | E44: =MAX(Vulnerability!E32,Vulnerability!E61) -> 15 | F44: =MIN(Vulnerability!F32,Vulnerability!F61) -> 0.1 | G44: =MAX(Vulnerability!F32,Vulnerability!F61) -> 1 | H44: =MAX(Vulnerability!F32,Vulnerability!F61) -> 1 | I44: =COUNTA(Vulnerability!A32,Vulnerability!A61) -> 2 | J44: =Vulnerability!B32&" | "&Vulnerability!B61 -> Adult Migration & Holding | Juvenile Emigration
A45: =Vulnerability!A37 -> Chinook | B45: =Vulnerability!C37 -> Migration | C45: =Vulnerability!D37 -> Water Quality | D45: =MIN(Vulnerability!E37,Vulnerability!E51) -> 5 | E45: =MAX(Vulnerability!E37,Vulnerability!E51) -> 6 | F45: =MIN(Vulnerability!F37,Vulnerability!F51) -> 0.67857143 | G45: =MAX(Vulnerability!F37,Vulnerability!F51) -> 0.74285714 | H45: =MAX(Vulnerability!F37,Vulnerability!F51) -> 0.74285714 | I45: =COUNTA(Vulnerability!A37,Vulnerability!A51) -> 2 | J45: =Vulnerability!B37&" | "&Vulnerability!B51 -> Adult Migration & Holding | Juvenile Emigration
A46: =Vulnerability!A46 -> Chinook | B46: =Vulnerability!C46 -> Migration | C46: =Vulnerability!D46 -> Winter Water Temperature | D46: =MIN(Vulnerability!E46,Vulnerability!E55) -> 9 | E46: =MAX(Vulnerability!E46,Vulnerability!E55) -> 15 | F46: =MIN(Vulnerability!F46,Vulnerability!F55) -> 0.1 | G46: =MAX(Vulnerability!F46,Vulnerability!F55) -> 0.48571429 | H46: =MAX(Vulnerability!F46,Vulnerability!F55) -> 0.48571429 | I46: =COUNTA(Vulnerability!A46,Vulnerability!A55) -> 2 | J46: =Vulnerability!B46&" | "&Vulnerability!B55 -> Adult Migration & Holding | Juvenile Emigration
A47: =Vulnerability!A71 -> Chinook | B47: =Vulnerability!C71 -> Spawning | C47: =Vulnerability!D71 -> Altered Flow Timing | D47: =MIN(Vulnerability!E71) -> 10 | E47: =MAX(Vulnerability!E71) -> 10 | F47: =MIN(Vulnerability!F71) -> 0.42142857 | G47: =MAX(Vulnerability!F71) -> 0.42142857 | H47: =MAX(Vulnerability!F71) -> 0.42142857 | I47: =COUNTA(Vulnerability!A71) -> 1 | J47: =Vulnerability!B71 -> Spawning, Incubation, Emergence
A48: =Vulnerability!A75 -> Chinook | B48: =Vulnerability!C75 -> Spawning | C48: =Vulnerability!D75 -> Altered Primary Productivity | D48: =MIN(Vulnerability!E75) -> 14 | E48: =MAX(Vulnerability!E75) -> 14 | F48: =MIN(Vulnerability!F75) -> 0.16428571 | G48: =MAX(Vulnerability!F75) -> 0.16428571 | H48: =MAX(Vulnerability!F75) -> 0.16428571 | I48: =COUNTA(Vulnerability!A75) -> 1 | J48: =Vulnerability!B75 -> Spawning, Incubation, Emergence
A49: =Vulnerability!A76 -> Chinook | B49: =Vulnerability!C76 -> Spawning | C49: =Vulnerability!D76 -> Anthropogenic Barriers | D49: =MIN(Vulnerability!E76) -> 15 | E49: =MAX(Vulnerability!E76) -> 15 | F49: =MIN(Vulnerability!F76) -> 0.1 | G49: =MAX(Vulnerability!F76) -> 0.1 | H49: =MAX(Vulnerability!F76) -> 0.1 | I49: =COUNTA(Vulnerability!A76) -> 1 | J49: =Vulnerability!B76 -> Spawning, Incubation, Emergence
A50: =Vulnerability!A66 -> Chinook | B50: =Vulnerability!C66 -> Spawning | C50: =Vulnerability!D66 -> Channel and Habitat Structure | D50: =MIN(Vulnerability!E66) -> 5 | E50: =MAX(Vulnerability!E66) -> 5 | F50: =MIN(Vulnerability!F66) -> 0.74285714 | G50: =MAX(Vulnerability!F66) -> 0.74285714 | H50: =MAX(Vulnerability!F66) -> 0.74285714 | I50: =COUNTA(Vulnerability!A66) -> 1 | J50: =Vulnerability!B66 -> Spawning, Incubation, Emergence
A51: =Vulnerability!A64 -> Chinook | B51: =Vulnerability!C64 -> Spawning | C51: =Vulnerability!D64 -> Decreased Sediment Quantity | D51: =MIN(Vulnerability!E64) -> 3 | E51: =MAX(Vulnerability!E64) -> 3 | F51: =MIN(Vulnerability!F64) -> 0.87142857 | G51: =MAX(Vulnerability!F64) -> 0.87142857 | H51: =MAX(Vulnerability!F64) -> 0.87142857 | I51: =COUNTA(Vulnerability!A64) -> 1 | J51: =Vulnerability!B64 -> Spawning, Incubation, Emergence
A52: =Vulnerability!A63 -> Chinook | B52: =Vulnerability!C63 -> Spawning | C52: =Vulnerability!D63 -> Decreased Water Quantity | D52: =MIN(Vulnerability!E63) -> 2 | E52: =MAX(Vulnerability!E63) -> 2 | F52: =MIN(Vulnerability!F63) -> 0.93571429 | G52: =MAX(Vulnerability!F63) -> 0.93571429 | H52: =MAX(Vulnerability!F63) -> 0.93571429 | I52: =COUNTA(Vulnerability!A63) -> 1 | J52: =Vulnerability!B63 -> Spawning, Incubation, Emergence
A53: =Vulnerability!A67 -> Chinook | B53: =Vulnerability!C67 -> Spawning | C53: =Vulnerability!D67 -> Floodplain Condition | D53: =MIN(Vulnerability!E67) -> 6 | E53: =MAX(Vulnerability!E67) -> 6 | F53: =MIN(Vulnerability!F67) -> 0.67857143 | G53: =MAX(Vulnerability!F67) -> 0.67857143 | H53: =MAX(Vulnerability!F67) -> 0.67857143 | I53: =COUNTA(Vulnerability!A67) -> 1 | J53: =Vulnerability!B67 -> Spawning, Incubation, Emergence
A54: =Vulnerability!A72 -> Chinook | B54: =Vulnerability!C72 -> Spawning | C54: =Vulnerability!D72 -> Increased Sediment Quantity | D54: =MIN(Vulnerability!E72) -> 11 | E54: =MAX(Vulnerability!E72) -> 11 | F54: =MIN(Vulnerability!F72) -> 0.35714286 | G54: =MAX(Vulnerability!F72) -> 0.35714286 | H54: =MAX(Vulnerability!F72) -> 0.35714286 | I54: =COUNTA(Vulnerability!A72) -> 1 | J54: =Vulnerability!B72 -> Spawning, Incubation, Emergence
A55: =Vulnerability!A73 -> Chinook | B55: =Vulnerability!C73 -> Spawning | C55: =Vulnerability!D73 -> Non-Native Species Interactions and Competition | D55: =MIN(Vulnerability!E73) -> 12 | E55: =MAX(Vulnerability!E73) -> 12 | F55: =MIN(Vulnerability!F73) -> 0.29285714 | G55: =MAX(Vulnerability!F73) -> 0.29285714 | H55: =MAX(Vulnerability!F73) -> 0.29285714 | I55: =COUNTA(Vulnerability!A73) -> 1 | J55: =Vulnerability!B73 -> Spawning, Incubation, Emergence
A56: =Vulnerability!A70 -> Chinook | B56: =Vulnerability!C70 -> Spawning | C56: =Vulnerability!D70 -> Predation | D56: =MIN(Vulnerability!E70) -> 9 | E56: =MAX(Vulnerability!E70) -> 9 | F56: =MIN(Vulnerability!F70) -> 0.48571429 | G56: =MAX(Vulnerability!F70) -> 0.48571429 | H56: =MAX(Vulnerability!F70) -> 0.48571429 | I56: =COUNTA(Vulnerability!A70) -> 1 | J56: =Vulnerability!B70 -> Spawning, Incubation, Emergence
A57: =Vulnerability!A74 -> Chinook | B57: =Vulnerability!C74 -> Spawning | C57: =Vulnerability!D74 -> Riparian Condition | D57: =MIN(Vulnerability!E74) -> 13 | E57: =MAX(Vulnerability!E74) -> 13 | F57: =MIN(Vulnerability!F74) -> 0.22857143 | G57: =MAX(Vulnerability!F74) -> 0.22857143 | H57: =MAX(Vulnerability!F74) -> 0.22857143 | I57: =COUNTA(Vulnerability!A74) -> 1 | J57: =Vulnerability!B74 -> Spawning, Incubation, Emergence
A58: =Vulnerability!A68 -> Chinook | B58: =Vulnerability!C68 -> Spawning | C58: =Vulnerability!D68 -> Side Channel and Wetland Habitat | D58: =MIN(Vulnerability!E68) -> 7 | E58: =MAX(Vulnerability!E68) -> 7 | F58: =MIN(Vulnerability!F68) -> 0.61428571 | G58: =MAX(Vulnerability!F68) -> 0.61428571 | H58: =MAX(Vulnerability!F68) -> 0.61428571 | I58: =COUNTA(Vulnerability!A68) -> 1 | J58: =Vulnerability!B68 -> Spawning, Incubation, Emergence
A59: =Vulnerability!A62 -> Chinook | B59: =Vulnerability!C62 -> Spawning | C59: =Vulnerability!D62 -> Summer Water Temperature | D59: =MIN(Vulnerability!E62) -> 1 | E59: =MAX(Vulnerability!E62) -> 1 | F59: =MIN(Vulnerability!F62) -> 1 | G59: =MAX(Vulnerability!F62) -> 1 | H59: =MAX(Vulnerability!F62) -> 1 | I59: =COUNTA(Vulnerability!A62) -> 1 | J59: =Vulnerability!B62 -> Spawning, Incubation, Emergence
A60: =Vulnerability!A69 -> Chinook | B60: =Vulnerability!C69 -> Spawning | C60: =Vulnerability!D69 -> Water Quality | D60: =MIN(Vulnerability!E69) -> 8 | E60: =MAX(Vulnerability!E69) -> 8 | F60: =MIN(Vulnerability!F69) -> 0.55 | G60: =MAX(Vulnerability!F69) -> 0.55 | H60: =MAX(Vulnerability!F69) -> 0.55 | I60: =COUNTA(Vulnerability!A69) -> 1 | J60: =Vulnerability!B69 -> Spawning, Incubation, Emergence
A61: =Vulnerability!A65 -> Chinook | B61: =Vulnerability!C65 -> Spawning | C61: =Vulnerability!D65 -> Winter Water Temperature | D61: =MIN(Vulnerability!E65) -> 4 | E61: =MAX(Vulnerability!E65) -> 4 | F61: =MIN(Vulnerability!F65) -> 0.80714286 | G61: =MAX(Vulnerability!F65) -> 0.80714286 | H61: =MAX(Vulnerability!F65) -> 0.80714286 | I61: =COUNTA(Vulnerability!A65) -> 1 | J61: =Vulnerability!B65 -> Spawning, Incubation, Emergence
A62: =Vulnerability!A82 -> Chinook | B62: =Vulnerability!C82 -> Summer Rearing | C62: =Vulnerability!D82 -> Altered Flow Timing | D62: =MIN(Vulnerability!E82) -> 6 | E62: =MAX(Vulnerability!E82) -> 6 | F62: =MIN(Vulnerability!F82) -> 0.67857143 | G62: =MAX(Vulnerability!F82) -> 0.67857143 | H62: =MAX(Vulnerability!F82) -> 0.67857143 | I62: =COUNTA(Vulnerability!A82) -> 1 | J62: =Vulnerability!B82 -> Summer Rearing
A63: =Vulnerability!A84 -> Chinook | B63: =Vulnerability!C84 -> Summer Rearing | C63: =Vulnerability!D84 -> Altered Primary Productivity | D63: =MIN(Vulnerability!E84) -> 8 | E63: =MAX(Vulnerability!E84) -> 8 | F63: =MIN(Vulnerability!F84) -> 0.55 | G63: =MAX(Vulnerability!F84) -> 0.55 | H63: =MAX(Vulnerability!F84) -> 0.55 | I63: =COUNTA(Vulnerability!A84) -> 1 | J63: =Vulnerability!B84 -> Summer Rearing
A64: =Vulnerability!A83 -> Chinook | B64: =Vulnerability!C83 -> Summer Rearing | C64: =Vulnerability!D83 -> Anthropogenic Barriers | D64: =MIN(Vulnerability!E83) -> 7 | E64: =MAX(Vulnerability!E83) -> 7 | F64: =MIN(Vulnerability!F83) -> 0.61428571 | G64: =MAX(Vulnerability!F83) -> 0.61428571 | H64: =MAX(Vulnerability!F83) -> 0.61428571 | I64: =COUNTA(Vulnerability!A83) -> 1 | J64: =Vulnerability!B83 -> Summer Rearing
A65: =Vulnerability!A79 -> Chinook | B65: =Vulnerability!C79 -> Summer Rearing | C65: =Vulnerability!D79 -> Channel and Habitat Structure | D65: =MIN(Vulnerability!E79) -> 3 | E65: =MAX(Vulnerability!E79) -> 3 | F65: =MIN(Vulnerability!F79) -> 0.87142857 | G65: =MAX(Vulnerability!F79) -> 0.87142857 | H65: =MAX(Vulnerability!F79) -> 0.87142857 | I65: =COUNTA(Vulnerability!A79) -> 1 | J65: =Vulnerability!B79 -> Summer Rearing
A66: =Vulnerability!A88 -> Chinook | B66: =Vulnerability!C88 -> Summer Rearing | C66: =Vulnerability!D88 -> Decreased Sediment Quantity | D66: =MIN(Vulnerability!E88) -> 12 | E66: =MAX(Vulnerability!E88) -> 12 | F66: =MIN(Vulnerability!F88) -> 0.29285714 | G66: =MAX(Vulnerability!F88) -> 0.29285714 | H66: =MAX(Vulnerability!F88) -> 0.29285714 | I66: =COUNTA(Vulnerability!A88) -> 1 | J66: =Vulnerability!B88 -> Summer Rearing
A67: =Vulnerability!A78 -> Chinook | B67: =Vulnerability!C78 -> Summer Rearing | C67: =Vulnerability!D78 -> Decreased Water Quantity | D67: =MIN(Vulnerability!E78) -> 2 | E67: =MAX(Vulnerability!E78) -> 2 | F67: =MIN(Vulnerability!F78) -> 0.93571429 | G67: =MAX(Vulnerability!F78) -> 0.93571429 | H67: =MAX(Vulnerability!F78) -> 0.93571429 | I67: =COUNTA(Vulnerability!A78) -> 1 | J67: =Vulnerability!B78 -> Summer Rearing
A68: =Vulnerability!A86 -> Chinook | B68: =Vulnerability!C86 -> Summer Rearing | C68: =Vulnerability!D86 -> Floodplain Condition | D68: =MIN(Vulnerability!E86) -> 10 | E68: =MAX(Vulnerability!E86) -> 10 | F68: =MIN(Vulnerability!F86) -> 0.42142857 | G68: =MAX(Vulnerability!F86) -> 0.42142857 | H68: =MAX(Vulnerability!F86) -> 0.42142857 | I68: =COUNTA(Vulnerability!A86) -> 1 | J68: =Vulnerability!B86 -> Summer Rearing
A69: =Vulnerability!A90 -> Chinook | B69: =Vulnerability!C90 -> Summer Rearing | C69: =Vulnerability!D90 -> Increased Sediment Quantity | D69: =MIN(Vulnerability!E90) -> 14 | E69: =MAX(Vulnerability!E90) -> 14 | F69: =MIN(Vulnerability!F90) -> 0.16428571 | G69: =MAX(Vulnerability!F90) -> 0.16428571 | H69: =MAX(Vulnerability!F90) -> 0.16428571 | I69: =COUNTA(Vulnerability!A90) -> 1 | J69: =Vulnerability!B90 -> Summer Rearing
A70: =Vulnerability!A87 -> Chinook | B70: =Vulnerability!C87 -> Summer Rearing | C70: =Vulnerability!D87 -> Non-Native Species Interactions and Competition | D70: =MIN(Vulnerability!E87) -> 11 | E70: =MAX(Vulnerability!E87) -> 11 | F70: =MIN(Vulnerability!F87) -> 0.35714286 | G70: =MAX(Vulnerability!F87) -> 0.35714286 | H70: =MAX(Vulnerability!F87) -> 0.35714286 | I70: =COUNTA(Vulnerability!A87) -> 1 | J70: =Vulnerability!B87 -> Summer Rearing
A71: =Vulnerability!A89 -> Chinook | B71: =Vulnerability!C89 -> Summer Rearing | C71: =Vulnerability!D89 -> Predation | D71: =MIN(Vulnerability!E89) -> 13 | E71: =MAX(Vulnerability!E89) -> 13 | F71: =MIN(Vulnerability!F89) -> 0.22857143 | G71: =MAX(Vulnerability!F89) -> 0.22857143 | H71: =MAX(Vulnerability!F89) -> 0.22857143 | I71: =COUNTA(Vulnerability!A89) -> 1 | J71: =Vulnerability!B89 -> Summer Rearing
A72: =Vulnerability!A81 -> Chinook | B72: =Vulnerability!C81 -> Summer Rearing | C72: =Vulnerability!D81 -> Riparian Condition | D72: =MIN(Vulnerability!E81) -> 5 | E72: =MAX(Vulnerability!E81) -> 5 | F72: =MIN(Vulnerability!F81) -> 0.74285714 | G72: =MAX(Vulnerability!F81) -> 0.74285714 | H72: =MAX(Vulnerability!F81) -> 0.74285714 | I72: =COUNTA(Vulnerability!A81) -> 1 | J72: =Vulnerability!B81 -> Summer Rearing
A73: =Vulnerability!A80 -> Chinook | B73: =Vulnerability!C80 -> Summer Rearing | C73: =Vulnerability!D80 -> Side Channel and Wetland Habitat | D73: =MIN(Vulnerability!E80) -> 4 | E73: =MAX(Vulnerability!E80) -> 4 | F73: =MIN(Vulnerability!F80) -> 0.80714286 | G73: =MAX(Vulnerability!F80) -> 0.80714286 | H73: =MAX(Vulnerability!F80) -> 0.80714286 | I73: =COUNTA(Vulnerability!A80) -> 1 | J73: =Vulnerability!B80 -> Summer Rearing
A74: =Vulnerability!A77 -> Chinook | B74: =Vulnerability!C77 -> Summer Rearing | C74: =Vulnerability!D77 -> Summer Water Temperature | D74: =MIN(Vulnerability!E77) -> 1 | E74: =MAX(Vulnerability!E77) -> 1 | F74: =MIN(Vulnerability!F77) -> 1 | G74: =MAX(Vulnerability!F77) -> 1 | H74: =MAX(Vulnerability!F77) -> 1 | I74: =COUNTA(Vulnerability!A77) -> 1 | J74: =Vulnerability!B77 -> Summer Rearing
A75: =Vulnerability!A85 -> Chinook | B75: =Vulnerability!C85 -> Summer Rearing | C75: =Vulnerability!D85 -> Water Quality | D75: =MIN(Vulnerability!E85) -> 9 | E75: =MAX(Vulnerability!E85) -> 9 | F75: =MIN(Vulnerability!F85) -> 0.48571429 | G75: =MAX(Vulnerability!F85) -> 0.48571429 | H75: =MAX(Vulnerability!F85) -> 0.48571429 | I75: =COUNTA(Vulnerability!A85) -> 1 | J75: =Vulnerability!B85 -> Summer Rearing
A76: =Vulnerability!A91 -> Chinook | B76: =Vulnerability!C91 -> Summer Rearing | C76: =Vulnerability!D91 -> Winter Water Temperature | D76: =MIN(Vulnerability!E91) -> 15 | E76: =MAX(Vulnerability!E91) -> 15 | F76: =MIN(Vulnerability!F91) -> 0.1 | G76: =MAX(Vulnerability!F91) -> 0.1 | H76: =MAX(Vulnerability!F91) -> 0.1 | I76: =COUNTA(Vulnerability!A91) -> 1 | J76: =Vulnerability!B91 -> Summer Rearing
A77: =Vulnerability!A104 -> Chinook | B77: =Vulnerability!C104 -> Winter Rearing | C77: =Vulnerability!D104 -> Altered Flow Timing | D77: =MIN(Vulnerability!E104) -> 13 | E77: =MAX(Vulnerability!E104) -> 13 | F77: =MIN(Vulnerability!F104) -> 0.22857143 | G77: =MAX(Vulnerability!F104) -> 0.22857143 | H77: =MAX(Vulnerability!F104) -> 0.22857143 | I77: =COUNTA(Vulnerability!A104) -> 1 | J77: =Vulnerability!B104 -> Winter Rearing
A78: =Vulnerability!A102 -> Chinook | B78: =Vulnerability!C102 -> Winter Rearing | C78: =Vulnerability!D102 -> Altered Primary Productivity | D78: =MIN(Vulnerability!E102) -> 12 | E78: =MAX(Vulnerability!E102) -> 12 | F78: =MIN(Vulnerability!F102) -> 0.29285714 | G78: =MAX(Vulnerability!F102) -> 0.29285714 | H78: =MAX(Vulnerability!F102) -> 0.29285714 | I78: =COUNTA(Vulnerability!A102) -> 1 | J78: =Vulnerability!B102 -> Winter Rearing
A79: =Vulnerability!A105 -> Chinook | B79: =Vulnerability!C105 -> Winter Rearing | C79: =Vulnerability!D105 -> Anthropogenic Barriers | D79: =MIN(Vulnerability!E105) -> 14 | E79: =MAX(Vulnerability!E105) -> 14 | F79: =MIN(Vulnerability!F105) -> 0.16428571 | G79: =MAX(Vulnerability!F105) -> 0.16428571 | H79: =MAX(Vulnerability!F105) -> 0.16428571 | I79: =COUNTA(Vulnerability!A105) -> 1 | J79: =Vulnerability!B105 -> Winter Rearing
A80: =Vulnerability!A92 -> Chinook | B80: =Vulnerability!C92 -> Winter Rearing | C80: =Vulnerability!D92 -> Channel and Habitat Structure | D80: =MIN(Vulnerability!E92) -> 1 | E80: =MAX(Vulnerability!E92) -> 1 | F80: =MIN(Vulnerability!F92) -> 1 | G80: =MAX(Vulnerability!F92) -> 1 | H80: =MAX(Vulnerability!F92) -> 1 | I80: =COUNTA(Vulnerability!A92) -> 1 | J80: =Vulnerability!B92 -> Winter Rearing
A81: =Vulnerability!A95 -> Chinook | B81: =Vulnerability!C95 -> Winter Rearing | C81: =Vulnerability!D95 -> Decreased Sediment Quantity | D81: =MIN(Vulnerability!E95) -> 4 | E81: =MAX(Vulnerability!E95) -> 4 | F81: =MIN(Vulnerability!F95) -> 0.80714286 | G81: =MAX(Vulnerability!F95) -> 0.80714286 | H81: =MAX(Vulnerability!F95) -> 0.80714286 | I81: =COUNTA(Vulnerability!A95) -> 1 | J81: =Vulnerability!B95 -> Winter Rearing
A82: =Vulnerability!A100 -> Chinook | B82: =Vulnerability!C100 -> Winter Rearing | C82: =Vulnerability!D100 -> Decreased Water Quantity | D82: =MIN(Vulnerability!E100) -> 9 | E82: =MAX(Vulnerability!E100) -> 9 | F82: =MIN(Vulnerability!F100) -> 0.48571429 | G82: =MAX(Vulnerability!F100) -> 0.48571429 | H82: =MAX(Vulnerability!F100) -> 0.48571429 | I82: =COUNTA(Vulnerability!A100) -> 1 | J82: =Vulnerability!B100 -> Winter Rearing
A83: =Vulnerability!A96 -> Chinook | B83: =Vulnerability!C96 -> Winter Rearing | C83: =Vulnerability!D96 -> Floodplain Condition | D83: =MIN(Vulnerability!E96) -> 5 | E83: =MAX(Vulnerability!E96) -> 5 | F83: =MIN(Vulnerability!F96) -> 0.74285714 | G83: =MAX(Vulnerability!F96) -> 0.74285714 | H83: =MAX(Vulnerability!F96) -> 0.74285714 | I83: =COUNTA(Vulnerability!A96) -> 1 | J83: =Vulnerability!B96 -> Winter Rearing
A84: =Vulnerability!A99 -> Chinook | B84: =Vulnerability!C99 -> Winter Rearing | C84: =Vulnerability!D99 -> Increased Sediment Quantity | D84: =MIN(Vulnerability!E99) -> 8 | E84: =MAX(Vulnerability!E99) -> 8 | F84: =MIN(Vulnerability!F99) -> 0.55 | G84: =MAX(Vulnerability!F99) -> 0.55 | H84: =MAX(Vulnerability!F99) -> 0.55 | I84: =COUNTA(Vulnerability!A99) -> 1 | J84: =Vulnerability!B99 -> Winter Rearing
A85: =Vulnerability!A103 -> Chinook | B85: =Vulnerability!C103 -> Winter Rearing | C85: =Vulnerability!D103 -> Non-Native Species Interactions and Competition | D85: =MIN(Vulnerability!E103) -> 12 | E85: =MAX(Vulnerability!E103) -> 12 | F85: =MIN(Vulnerability!F103) -> 0.29285714 | G85: =MAX(Vulnerability!F103) -> 0.29285714 | H85: =MAX(Vulnerability!F103) -> 0.29285714 | I85: =COUNTA(Vulnerability!A103) -> 1 | J85: =Vulnerability!B103 -> Winter Rearing
A86: =Vulnerability!A101 -> Chinook | B86: =Vulnerability!C101 -> Winter Rearing | C86: =Vulnerability!D101 -> Predation | D86: =MIN(Vulnerability!E101) -> 11 | E86: =MAX(Vulnerability!E101) -> 11 | F86: =MIN(Vulnerability!F101) -> 0.35714286 | G86: =MAX(Vulnerability!F101) -> 0.35714286 | H86: =MAX(Vulnerability!F101) -> 0.35714286 | I86: =COUNTA(Vulnerability!A101) -> 1 | J86: =Vulnerability!B101 -> Winter Rearing
A87: =Vulnerability!A97 -> Chinook | B87: =Vulnerability!C97 -> Winter Rearing | C87: =Vulnerability!D97 -> Riparian Condition | D87: =MIN(Vulnerability!E97) -> 6 | E87: =MAX(Vulnerability!E97) -> 6 | F87: =MIN(Vulnerability!F97) -> 0.67857143 | G87: =MAX(Vulnerability!F97) -> 0.67857143 | H87: =MAX(Vulnerability!F97) -> 0.67857143 | I87: =COUNTA(Vulnerability!A97) -> 1 | J87: =Vulnerability!B97 -> Winter Rearing
A88: =Vulnerability!A94 -> Chinook | B88: =Vulnerability!C94 -> Winter Rearing | C88: =Vulnerability!D94 -> Side Channel and Wetland Habitat | D88: =MIN(Vulnerability!E94) -> 3 | E88: =MAX(Vulnerability!E94) -> 3 | F88: =MIN(Vulnerability!F94) -> 0.87142857 | G88: =MAX(Vulnerability!F94) -> 0.87142857 | H88: =MAX(Vulnerability!F94) -> 0.87142857 | I88: =COUNTA(Vulnerability!A94) -> 1 | J88: =Vulnerability!B94 -> Winter Rearing
A89: =Vulnerability!A106 -> Chinook | B89: =Vulnerability!C106 -> Winter Rearing | C89: =Vulnerability!D106 -> Summer Water Temperature | D89: =MIN(Vulnerability!E106) -> 15 | E89: =MAX(Vulnerability!E106) -> 15 | F89: =MIN(Vulnerability!F106) -> 0.1 | G89: =MAX(Vulnerability!F106) -> 0.1 | H89: =MAX(Vulnerability!F106) -> 0.1 | I89: =COUNTA(Vulnerability!A106) -> 1 | J89: =Vulnerability!B106 -> Winter Rearing
A90: =Vulnerability!A98 -> Chinook | B90: =Vulnerability!C98 -> Winter Rearing | C90: =Vulnerability!D98 -> Water Quality | D90: =MIN(Vulnerability!E98) -> 7 | E90: =MAX(Vulnerability!E98) -> 7 | F90: =MIN(Vulnerability!F98) -> 0.61428571 | G90: =MAX(Vulnerability!F98) -> 0.61428571 | H90: =MAX(Vulnerability!F98) -> 0.61428571 | I90: =COUNTA(Vulnerability!A98) -> 1 | J90: =Vulnerability!B98 -> Winter Rearing
A91: =Vulnerability!A93 -> Chinook | B91: =Vulnerability!C93 -> Winter Rearing | C91: =Vulnerability!D93 -> Winter Water Temperature | D91: =MIN(Vulnerability!E93) -> 2 | E91: =MAX(Vulnerability!E93) -> 2 | F91: =MIN(Vulnerability!F93) -> 0.93571429 | G91: =MAX(Vulnerability!F93) -> 0.93571429 | H91: =MAX(Vulnerability!F93) -> 0.93571429 | I91: =COUNTA(Vulnerability!A93) -> 1 | J91: =Vulnerability!B93 -> Winter Rearing
A92: =Vulnerability!A110 -> Steelhead | B92: =Vulnerability!C110 -> Migration | C92: =Vulnerability!D110 -> Altered Flow Timing | D92: =MIN(Vulnerability!E110,Vulnerability!E125) -> 4 | E92: =MAX(Vulnerability!E110,Vulnerability!E125) -> 4 | F92: =MIN(Vulnerability!F110,Vulnerability!F125) -> 0.80714286 | G92: =MAX(Vulnerability!F110,Vulnerability!F125) -> 0.80714286 | H92: =MAX(Vulnerability!F110,Vulnerability!F125) -> 0.80714286 | I92: =COUNTA(Vulnerability!A110,Vulnerability!A125) -> 2 | J92: =Vulnerability!B110&" | "&Vulnerability!B125 -> Adult Migration & Holding | Juvenile Emigration
A93: =Vulnerability!A116 -> Steelhead | B93: =Vulnerability!C116 -> Migration | C93: =Vulnerability!D116 -> Altered Primary Productivity | D93: =MIN(Vulnerability!E116,Vulnerability!E131) -> 10 | E93: =MAX(Vulnerability!E116,Vulnerability!E131) -> 10 | F93: =MIN(Vulnerability!F116,Vulnerability!F131) -> 0.42142857 | G93: =MAX(Vulnerability!F116,Vulnerability!F131) -> 0.42142857 | H93: =MAX(Vulnerability!F116,Vulnerability!F131) -> 0.42142857 | I93: =COUNTA(Vulnerability!A116,Vulnerability!A131) -> 2 | J93: =Vulnerability!B116&" | "&Vulnerability!B131 -> Adult Migration & Holding | Juvenile Emigration
A94: =Vulnerability!A108 -> Steelhead | B94: =Vulnerability!C108 -> Migration | C94: =Vulnerability!D108 -> Anthropogenic Barriers | D94: =MIN(Vulnerability!E108,Vulnerability!E122) -> 1 | E94: =MAX(Vulnerability!E108,Vulnerability!E122) -> 2 | F94: =MIN(Vulnerability!F108,Vulnerability!F122) -> 0.93571429 | G94: =MAX(Vulnerability!F108,Vulnerability!F122) -> 1 | H94: =MAX(Vulnerability!F108,Vulnerability!F122) -> 1 | I94: =COUNTA(Vulnerability!A108,Vulnerability!A122) -> 2 | J94: =Vulnerability!B108&" | "&Vulnerability!B122 -> Adult Migration & Holding | Juvenile Emigration
A95: =Vulnerability!A111 -> Steelhead | B95: =Vulnerability!C111 -> Migration | C95: =Vulnerability!D111 -> Channel and Habitat Structure | D95: =MIN(Vulnerability!E111,Vulnerability!E129) -> 5 | E95: =MAX(Vulnerability!E111,Vulnerability!E129) -> 8 | F95: =MIN(Vulnerability!F111,Vulnerability!F129) -> 0.55 | G95: =MAX(Vulnerability!F111,Vulnerability!F129) -> 0.74285714 | H95: =MAX(Vulnerability!F111,Vulnerability!F129) -> 0.74285714 | I95: =COUNTA(Vulnerability!A111,Vulnerability!A129) -> 2 | J95: =Vulnerability!B111&" | "&Vulnerability!B129 -> Adult Migration & Holding | Juvenile Emigration
A96: =Vulnerability!A114 -> Steelhead | B96: =Vulnerability!C114 -> Migration | C96: =Vulnerability!D114 -> Decreased Sediment Quantity | D96: =MIN(Vulnerability!E114,Vulnerability!E134) -> 8 | E96: =MAX(Vulnerability!E114,Vulnerability!E134) -> 13 | F96: =MIN(Vulnerability!F114,Vulnerability!F134) -> 0.22857143 | G96: =MAX(Vulnerability!F114,Vulnerability!F134) -> 0.55 | H96: =MAX(Vulnerability!F114,Vulnerability!F134) -> 0.55 | I96: =COUNTA(Vulnerability!A114,Vulnerability!A134) -> 2 | J96: =Vulnerability!B114&" | "&Vulnerability!B134 -> Adult Migration & Holding | Juvenile Emigration
A97: =Vulnerability!A109 -> Steelhead | B97: =Vulnerability!C109 -> Migration | C97: =Vulnerability!D109 -> Decreased Water Quantity | D97: =MIN(Vulnerability!E109,Vulnerability!E124) -> 3 | E97: =MAX(Vulnerability!E109,Vulnerability!E124) -> 3 | F97: =MIN(Vulnerability!F109,Vulnerability!F124) -> 0.87142857 | G97: =MAX(Vulnerability!F109,Vulnerability!F124) -> 0.87142857 | H97: =MAX(Vulnerability!F109,Vulnerability!F124) -> 0.87142857 | I97: =COUNTA(Vulnerability!A109,Vulnerability!A124) -> 2 | J97: =Vulnerability!B109&" | "&Vulnerability!B124 -> Adult Migration & Holding | Juvenile Emigration
A98: =Vulnerability!A112 -> Steelhead | B98: =Vulnerability!C112 -> Migration | C98: =Vulnerability!D112 -> Floodplain Condition | D98: =MIN(Vulnerability!E112,Vulnerability!E128) -> 6 | E98: =MAX(Vulnerability!E112,Vulnerability!E128) -> 7 | F98: =MIN(Vulnerability!F112,Vulnerability!F128) -> 0.61428571 | G98: =MAX(Vulnerability!F112,Vulnerability!F128) -> 0.67857143 | H98: =MAX(Vulnerability!F112,Vulnerability!F128) -> 0.67857143 | I98: =COUNTA(Vulnerability!A112,Vulnerability!A128) -> 2 | J98: =Vulnerability!B112&" | "&Vulnerability!B128 -> Adult Migration & Holding | Juvenile Emigration
A99: =Vulnerability!A115 -> Steelhead | B99: =Vulnerability!C115 -> Migration | C99: =Vulnerability!D115 -> Increased Sediment Quantity | D99: =MIN(Vulnerability!E115,Vulnerability!E135) -> 9 | E99: =MAX(Vulnerability!E115,Vulnerability!E135) -> 14 | F99: =MIN(Vulnerability!F115,Vulnerability!F135) -> 0.16428571 | G99: =MAX(Vulnerability!F115,Vulnerability!F135) -> 0.48571429 | H99: =MAX(Vulnerability!F115,Vulnerability!F135) -> 0.48571429 | I99: =COUNTA(Vulnerability!A115,Vulnerability!A135) -> 2 | J99: =Vulnerability!B115&" | "&Vulnerability!B135 -> Adult Migration & Holding | Juvenile Emigration
A100: =Vulnerability!A117 -> Steelhead | B100: =Vulnerability!C117 -> Migration | C100: =Vulnerability!D117 -> Non-Native Species Interactions and Competition | D100: =MIN(Vulnerability!E117,Vulnerability!E133) -> 11 | E100: =MAX(Vulnerability!E117,Vulnerability!E133) -> 12 | F100: =MIN(Vulnerability!F117,Vulnerability!F133) -> 0.29285714 | G100: =MAX(Vulnerability!F117,Vulnerability!F133) -> 0.35714286 | H100: =MAX(Vulnerability!F117,Vulnerability!F133) -> 0.35714286 | I100: =COUNTA(Vulnerability!A117,Vulnerability!A133) -> 2 | J100: =Vulnerability!B117&" | "&Vulnerability!B133 -> Adult Migration & Holding | Juvenile Emigration
...

Sheet L1 Calculation Grid
A1: bsr | B1: basin | C1: species | D1: life_stage | E1: limiting_factor | F1: fish_use_score | G1: population_priority | H1: condition_score_raw_1_5 | I1: condition_score | J1: vulnerability_rank_min | K1: vulnerability_rank_max | L1: vulnerability_score | M1: impact_component | N1: risk_component
A2: ='Fish Use'!A2 -> CC1 | B2: ='Fish Use'!B2 -> Catherine Creek | C2: ='Fish Use'!D2 -> Chinook | D2: ='Fish Use'!E2 -> Spawning | E2: ='Vulnerability Mapped'!C49 -> Anthropogenic Barriers | F2: ='Fish Use'!F2 -> 0.4162 | G2: =Population!D2 -> 0.12 | H2: ='Limiting Factors'!C8 -> 3.68 | I2: ='Limiting Factors'!D8 -> 0.703 | J2: ='Vulnerability Mapped'!D49 -> 15 | K2: ='Vulnerability Mapped'!E49 -> 15 | L2: ='Vulnerability Mapped'!H49 -> 0.1 | M2: =F2*I2*L2 -> 0.02925886 | N2: =M2*G2 -> 0.0035110632
A3: ='Fish Use'!A2 -> CC1 | B3: ='Fish Use'!B2 -> Catherine Creek | C3: ='Fish Use'!D2 -> Chinook | D3: ='Fish Use'!E2 -> Spawning | E3: ='Vulnerability Mapped'!C57 -> Riparian Condition | F3: ='Fish Use'!F2 -> 0.4162 | G3: =Population!D2 -> 0.12 | H3: ='Limiting Factors'!C2 -> 4.57 | I3: ='Limiting Factors'!D2 -> 0.90325 | J3: ='Vulnerability Mapped'!D57 -> 13 | K3: ='Vulnerability Mapped'!E57 -> 13 | L3: ='Vulnerability Mapped'!H57 -> 0.22857143 | M3: =F3*I3*L3 -> 0.085927463 | N3: =M3*G3 -> 0.010311296
A4: ='Fish Use'!A2 -> CC1 | B4: ='Fish Use'!B2 -> Catherine Creek | C4: ='Fish Use'!D2 -> Chinook | D4: ='Fish Use'!E2 -> Spawning | E4: ='Vulnerability Mapped'!C53 -> Floodplain Condition | F4: ='Fish Use'!F2 -> 0.4162 | G4: =Population!D2 -> 0.12 | H4: ='Limiting Factors'!C3 -> 4.78 | I4: ='Limiting Factors'!D3 -> 0.9505 | J4: ='Vulnerability Mapped'!D53 -> 6 | K4: ='Vulnerability Mapped'!E53 -> 6 | L4: ='Vulnerability Mapped'!H53 -> 0.67857143 | M4: =F4*I4*L4 -> 0.26844157 | N4: =M4*G4 -> 0.032212988
A5: ='Fish Use'!A2 -> CC1 | B5: ='Fish Use'!B2 -> Catherine Creek | C5: ='Fish Use'!D2 -> Chinook | D5: ='Fish Use'!E2 -> Spawning | E5: ='Vulnerability Mapped'!C58 -> Side Channel and Wetland Habitat | F5: ='Fish Use'!F2 -> 0.4162 | G5: =Population!D2 -> 0.12 | H5: ='Limiting Factors'!C4 -> 4.08 | I5: ='Limiting Factors'!D4 -> 0.793 | J5: ='Vulnerability Mapped'!D58 -> 7 | K5: ='Vulnerability Mapped'!E58 -> 7 | L5: ='Vulnerability Mapped'!H58 -> 0.61428571 | M5: =F5*I5*L5 -> 0.20274291 | N5: =M5*G5 -> 0.024329149
A6: ='Fish Use'!A2 -> CC1 | B6: ='Fish Use'!B2 -> Catherine Creek | C6: ='Fish Use'!D2 -> Chinook | D6: ='Fish Use'!E2 -> Spawning | E6: ='Vulnerability Mapped'!C50 -> Channel and Habitat Structure | F6: ='Fish Use'!F2 -> 0.4162 | G6: =Population!D2 -> 0.12 | H6: ='Limiting Factors'!C5 -> 4.57 | I6: ='Limiting Factors'!D5 -> 0.90325 | J6: ='Vulnerability Mapped'!D50 -> 5 | K6: ='Vulnerability Mapped'!E50 -> 5 | L6: ='Vulnerability Mapped'!H50 -> 0.74285714 | M6: =F6*I6*L6 -> 0.27926425 | N6: =M6*G6 -> 0.033511711
A7: ='Fish Use'!A2 -> CC1 | B7: ='Fish Use'!B2 -> Catherine Creek | C7: ='Fish Use'!D2 -> Chinook | D7: ='Fish Use'!E2 -> Spawning | E7: ='Vulnerability Mapped'!C52 -> Decreased Water Quantity | F7: ='Fish Use'!F2 -> 0.4162 | G7: =Population!D2 -> 0.12 | H7: ='Limiting Factors'!C12 -> 5 | I7: ='Limiting Factors'!D12 -> 1 | J7: ='Vulnerability Mapped'!D52 -> 2 | K7: ='Vulnerability Mapped'!E52 -> 2 | L7: ='Vulnerability Mapped'!H52 -> 0.93571429 | M7: =F7*I7*L7 -> 0.38944429 | N7: =M7*G7 -> 0.046733314
A8: ='Fish Use'!A2 -> CC1 | B8: ='Fish Use'!B2 -> Catherine Creek | C8: ='Fish Use'!D2 -> Chinook | D8: ='Fish Use'!E2 -> Spawning | E8: ='Vulnerability Mapped'!C47 -> Altered Flow Timing | F8: ='Fish Use'!F2 -> 0.4162 | G8: =Population!D2 -> 0.12 | H8: ='Limiting Factors'!C13 -> 4.31 | I8: ='Limiting Factors'!D13 -> 0.84475 | J8: ='Vulnerability Mapped'!D47 -> 10 | K8: ='Vulnerability Mapped'!E47 -> 10 | L8: ='Vulnerability Mapped'!H47 -> 0.42142857 | M8: =F8*I8*L8 -> 0.14816794 | N8: =M8*G8 -> 0.017780153
A9: ='Fish Use'!A2 -> CC1 | B9: ='Fish Use'!B2 -> Catherine Creek | C9: ='Fish Use'!D2 -> Chinook | D9: ='Fish Use'!E2 -> Spawning | E9: ='Vulnerability Mapped'!C51 -> Decreased Sediment Quantity | F9: ='Fish Use'!F2 -> 0.4162 | G9: =Population!D2 -> 0.12 | H9: ='Limiting Factors'!C6 -> 2.95 | I9: ='Limiting Factors'!D6 -> 0.53875 | J9: ='Vulnerability Mapped'!D51 -> 3 | K9: ='Vulnerability Mapped'!E51 -> 3 | L9: ='Vulnerability Mapped'!H51 -> 0.87142857 | M9: =F9*I9*L9 -> 0.19539847 | N9: =M9*G9 -> 0.023447816
A10: ='Fish Use'!A2 -> CC1 | B10: ='Fish Use'!B2 -> Catherine Creek | C10: ='Fish Use'!D2 -> Chinook | D10: ='Fish Use'!E2 -> Spawning | E10: ='Vulnerability Mapped'!C54 -> Increased Sediment Quantity | F10: ='Fish Use'!F2 -> 0.4162 | G10: =Population!D2 -> 0.12 | H10: ='Limiting Factors'!C7 -> 4.51 | I10: ='Limiting Factors'!D7 -> 0.88975 | J10: ='Vulnerability Mapped'!D54 -> 11 | K10: ='Vulnerability Mapped'!E54 -> 11 | L10: ='Vulnerability Mapped'!H54 -> 0.35714286 | M10: =F10*I10*L10 -> 0.13225498 | N10: =M10*G10 -> 0.015870598
A11: ='Fish Use'!A2 -> CC1 | B11: ='Fish Use'!B2 -> Catherine Creek | C11: ='Fish Use'!D2 -> Chinook | D11: ='Fish Use'!E2 -> Spawning | E11: ='Vulnerability Mapped'!C59 -> Summer Water Temperature | F11: ='Fish Use'!F2 -> 0.4162 | G11: =Population!D2 -> 0.12 | H11: ='Limiting Factors'!C14 -> 4.64 | I11: ='Limiting Factors'!D14 -> 0.919 | J11: ='Vulnerability Mapped'!D59 -> 1 | K11: ='Vulnerability Mapped'!E59 -> 1 | L11: ='Vulnerability Mapped'!H59 -> 1 | M11: =F11*I11*L11 -> 0.3824878 | N11: =M11*G11 -> 0.045898536
A12: ='Fish Use'!A2 -> CC1 | B12: ='Fish Use'!B2 -> Catherine Creek | C12: ='Fish Use'!D2 -> Chinook | D12: ='Fish Use'!E2 -> Spawning | E12: ='Vulnerability Mapped'!C61 -> Winter Water Temperature | F12: ='Fish Use'!F2 -> 0.4162 | G12: =Population!D2 -> 0.12 | H12: ='Limiting Factors'!C15 -> 3.91 | I12: ='Limiting Factors'!D15 -> 0.75475 | J12: ='Vulnerability Mapped'!D61 -> 4 | K12: ='Vulnerability Mapped'!E61 -> 4 | L12: ='Vulnerability Mapped'!H61 -> 0.80714286 | M12: =F12*I12*L12 -> 0.25354532 | N12: =M12*G12 -> 0.030425439
A13: ='Fish Use'!A2 -> CC1 | B13: ='Fish Use'!B2 -> Catherine Creek | C13: ='Fish Use'!D2 -> Chinook | D13: ='Fish Use'!E2 -> Spawning | E13: ='Vulnerability Mapped'!C60 -> Water Quality | F13: ='Fish Use'!F2 -> 0.4162 | G13: =Population!D2 -> 0.12 | H13: ='Limiting Factors'!C16 -> 5 | I13: ='Limiting Factors'!D16 -> 1 | J13: ='Vulnerability Mapped'!D60 -> 8 | K13: ='Vulnerability Mapped'!E60 -> 8 | L13: ='Vulnerability Mapped'!H60 -> 0.55 | M13: =F13*I13*L13 -> 0.22891 | N13: =M13*G13 -> 0.0274692
A14: ='Fish Use'!A2 -> CC1 | B14: ='Fish Use'!B2 -> Catherine Creek | C14: ='Fish Use'!D2 -> Chinook | D14: ='Fish Use'!E2 -> Spawning | E14: ='Vulnerability Mapped'!C56 -> Predation | F14: ='Fish Use'!F2 -> 0.4162 | G14: =Population!D2 -> 0.12 | H14: ='Limiting Factors'!C9 -> 4.22 | I14: ='Limiting Factors'!D9 -> 0.8245 | J14: ='Vulnerability Mapped'!D56 -> 9 | K14: ='Vulnerability Mapped'!E56 -> 9 | L14: ='Vulnerability Mapped'!H56 -> 0.48571429 | M14: =F14*I14*L14 -> 0.16667621 | N14: =M14*G14 -> 0.020001145
A15: ='Fish Use'!A2 -> CC1 | B15: ='Fish Use'!B2 -> Catherine Creek | C15: ='Fish Use'!D2 -> Chinook | D15: ='Fish Use'!E2 -> Spawning | E15: ='Vulnerability Mapped'!C48 -> Altered Primary Productivity | F15: ='Fish Use'!F2 -> 0.4162 | G15: =Population!D2 -> 0.12 | H15: ='Limiting Factors'!C10 -> 4.31 | I15: ='Limiting Factors'!D10 -> 0.84475 | J15: ='Vulnerability Mapped'!D48 -> 14 | K15: ='Vulnerability Mapped'!E48 -> 14 | L15: ='Vulnerability Mapped'!H48 -> 0.16428571 | M15: =F15*I15*L15 -> 0.057760385 | N15: =M15*G15 -> 0.0069312461
A16: ='Fish Use'!A2 -> CC1 | B16: ='Fish Use'!B2 -> Catherine Creek | C16: ='Fish Use'!D2 -> Chinook | D16: ='Fish Use'!E2 -> Spawning | E16: ='Vulnerability Mapped'!C55 -> Non-Native Species Interactions and Competition | F16: ='Fish Use'!F2 -> 0.4162 | G16: =Population!D2 -> 0.12 | H16: ='Limiting Factors'!C11 -> 4.64 | I16: ='Limiting Factors'!D11 -> 0.919 | J16: ='Vulnerability Mapped'!D55 -> 12 | K16: ='Vulnerability Mapped'!E55 -> 12 | L16: ='Vulnerability Mapped'!H55 -> 0.29285714 | M16: =F16*I16*L16 -> 0.11201428 | N16: =M16*G16 -> 0.013441714
A17: ='Fish Use'!A3 -> CC1 | B17: ='Fish Use'!B3 -> Catherine Creek | C17: ='Fish Use'!D3 -> Chinook | D17: ='Fish Use'!E3 -> Winter Rearing | E17: ='Vulnerability Mapped'!C79 -> Anthropogenic Barriers | F17: ='Fish Use'!F3 -> 0.4162 | G17: =Population!D6 -> 0.36 | H17: ='Limiting Factors'!C8 -> 3.68 | I17: ='Limiting Factors'!D8 -> 0.703 | J17: ='Vulnerability Mapped'!D79 -> 14 | K17: ='Vulnerability Mapped'!E79 -> 14 | L17: ='Vulnerability Mapped'!H79 -> 0.16428571 | M17: =F17*I17*L17 -> 0.048068127 | N17: =M17*G17 -> 0.017304526
A18: ='Fish Use'!A3 -> CC1 | B18: ='Fish Use'!B3 -> Catherine Creek | C18: ='Fish Use'!D3 -> Chinook | D18: ='Fish Use'!E3 -> Winter Rearing | E18: ='Vulnerability Mapped'!C87 -> Riparian Condition | F18: ='Fish Use'!F3 -> 0.4162 | G18: =Population!D6 -> 0.36 | H18: ='Limiting Factors'!C2 -> 4.57 | I18: ='Limiting Factors'!D2 -> 0.90325 | J18: ='Vulnerability Mapped'!D87 -> 6 | K18: ='Vulnerability Mapped'!E87 -> 6 | L18: ='Vulnerability Mapped'!H87 -> 0.67857143 | M18: =F18*I18*L18 -> 0.25509716 | N18: =M18*G18 -> 0.091834976
A19: ='Fish Use'!A3 -> CC1 | B19: ='Fish Use'!B3 -> Catherine Creek | C19: ='Fish Use'!D3 -> Chinook | D19: ='Fish Use'!E3 -> Winter Rearing | E19: ='Vulnerability Mapped'!C83 -> Floodplain Condition | F19: ='Fish Use'!F3 -> 0.4162 | G19: =Population!D6 -> 0.36 | H19: ='Limiting Factors'!C3 -> 4.78 | I19: ='Limiting Factors'!D3 -> 0.9505 | J19: ='Vulnerability Mapped'!D83 -> 5 | K19: ='Vulnerability Mapped'!E83 -> 5 | L19: ='Vulnerability Mapped'!H83 -> 0.74285714 | M19: =F19*I19*L19 -> 0.29387287 | N19: =M19*G19 -> 0.10579423
A20: ='Fish Use'!A3 -> CC1 | B20: ='Fish Use'!B3 -> Catherine Creek | C20: ='Fish Use'!D3 -> Chinook | D20: ='Fish Use'!E3 -> Winter Rearing | E20: ='Vulnerability Mapped'!C88 -> Side Channel and Wetland Habitat | F20: ='Fish Use'!F3 -> 0.4162 | G20: =Population!D6 -> 0.36 | H20: ='Limiting Factors'!C4 -> 4.08 | I20: ='Limiting Factors'!D4 -> 0.793 | J20: ='Vulnerability Mapped'!D88 -> 3 | K20: ='Vulnerability Mapped'!E88 -> 3 | L20: ='Vulnerability Mapped'!H88 -> 0.87142857 | M20: =F20*I20*L20 -> 0.28761204 | N20: =M20*G20 -> 0.10354033
A21: ='Fish Use'!A3 -> CC1 | B21: ='Fish Use'!B3 -> Catherine Creek | C21: ='Fish Use'!D3 -> Chinook | D21: ='Fish Use'!E3 -> Winter Rearing | E21: ='Vulnerability Mapped'!C80 -> Channel and Habitat Structure | F21: ='Fish Use'!F3 -> 0.4162 | G21: =Population!D6 -> 0.36 | H21: ='Limiting Factors'!C5 -> 4.57 | I21: ='Limiting Factors'!D5 -> 0.90325 | J21: ='Vulnerability Mapped'!D80 -> 1 | K21: ='Vulnerability Mapped'!E80 -> 1 | L21: ='Vulnerability Mapped'!H80 -> 1 | M21: =F21*I21*L21 -> 0.37593265 | N21: =M21*G21 -> 0.13533575
A22: ='Fish Use'!A3 -> CC1 | B22: ='Fish Use'!B3 -> Catherine Creek | C22: ='Fish Use'!D3 -> Chinook | D22: ='Fish Use'!E3 -> Winter Rearing | E22: ='Vulnerability Mapped'!C82 -> Decreased Water Quantity | F22: ='Fish Use'!F3 -> 0.4162 | G22: =Population!D6 -> 0.36 | H22: ='Limiting Factors'!C12 -> 5 | I22: ='Limiting Factors'!D12 -> 1 | J22: ='Vulnerability Mapped'!D82 -> 9 | K22: ='Vulnerability Mapped'!E82 -> 9 | L22: ='Vulnerability Mapped'!H82 -> 0.48571429 | M22: =F22*I22*L22 -> 0.20215429 | N22: =M22*G22 -> 0.072775543
A23: ='Fish Use'!A3 -> CC1 | B23: ='Fish Use'!B3 -> Catherine Creek | C23: ='Fish Use'!D3 -> Chinook | D23: ='Fish Use'!E3 -> Winter Rearing | E23: ='Vulnerability Mapped'!C77 -> Altered Flow Timing | F23: ='Fish Use'!F3 -> 0.4162 | G23: =Population!D6 -> 0.36 | H23: ='Limiting Factors'!C13 -> 4.31 | I23: ='Limiting Factors'!D13 -> 0.84475 | J23: ='Vulnerability Mapped'!D77 -> 13 | K23: ='Vulnerability Mapped'!E77 -> 13 | L23: ='Vulnerability Mapped'!H77 -> 0.22857143 | M23: =F23*I23*L23 -> 0.080362274 | N23: =M23*G23 -> 0.028930419
A24: ='Fish Use'!A3 -> CC1 | B24: ='Fish Use'!B3 -> Catherine Creek | C24: ='Fish Use'!D3 -> Chinook | D24: ='Fish Use'!E3 -> Winter Rearing | E24: ='Vulnerability Mapped'!C81 -> Decreased Sediment Quantity | F24: ='Fish Use'!F3 -> 0.4162 | G24: =Population!D6 -> 0.36 | H24: ='Limiting Factors'!C6 -> 2.95 | I24: ='Limiting Factors'!D6 -> 0.53875 | J24: ='Vulnerability Mapped'!D81 -> 4 | K24: ='Vulnerability Mapped'!E81 -> 4 | L24: ='Vulnerability Mapped'!H81 -> 0.80714286 | M24: =F24*I24*L24 -> 0.18098383 | N24: =M24*G24 -> 0.065154178
A25: ='Fish Use'!A3 -> CC1 | B25: ='Fish Use'!B3 -> Catherine Creek | C25: ='Fish Use'!D3 -> Chinook | D25: ='Fish Use'!E3 -> Winter Rearing | E25: ='Vulnerability Mapped'!C84 -> Increased Sediment Quantity | F25: ='Fish Use'!F3 -> 0.4162 | G25: =Population!D6 -> 0.36 | H25: ='Limiting Factors'!C7 -> 4.51 | I25: ='Limiting Factors'!D7 -> 0.88975 | J25: ='Vulnerability Mapped'!D84 -> 8 | K25: ='Vulnerability Mapped'!E84 -> 8 | L25: ='Vulnerability Mapped'!H84 -> 0.55 | M25: =F25*I25*L25 -> 0.20367267 | N25: =M25*G25 -> 0.073322162
A26: ='Fish Use'!A3 -> CC1 | B26: ='Fish Use'!B3 -> Catherine Creek | C26: ='Fish Use'!D3 -> Chinook | D26: ='Fish Use'!E3 -> Winter Rearing | E26: ='Vulnerability Mapped'!C89 -> Summer Water Temperature | F26: ='Fish Use'!F3 -> 0.4162 | G26: =Population!D6 -> 0.36 | H26: ='Limiting Factors'!C14 -> 4.64 | I26: ='Limiting Factors'!D14 -> 0.919 | J26: ='Vulnerability Mapped'!D89 -> 15 | K26: ='Vulnerability Mapped'!E89 -> 15 | L26: ='Vulnerability Mapped'!H89 -> 0.1 | M26: =F26*I26*L26 -> 0.03824878 | N26: =M26*G26 -> 0.013769561
A27: ='Fish Use'!A3 -> CC1 | B27: ='Fish Use'!B3 -> Catherine Creek | C27: ='Fish Use'!D3 -> Chinook | D27: ='Fish Use'!E3 -> Winter Rearing | E27: ='Vulnerability Mapped'!C91 -> Winter Water Temperature | F27: ='Fish Use'!F3 -> 0.4162 | G27: =Population!D6 -> 0.36 | H27: ='Limiting Factors'!C15 -> 3.91 | I27: ='Limiting Factors'!D15 -> 0.75475 | J27: ='Vulnerability Mapped'!D91 -> 2 | K27: ='Vulnerability Mapped'!E91 -> 2 | L27: ='Vulnerability Mapped'!H91 -> 0.93571429 | M27: =F27*I27*L27 -> 0.29393307 | N27: =M27*G27 -> 0.10581591
A28: ='Fish Use'!A3 -> CC1 | B28: ='Fish Use'!B3 -> Catherine Creek | C28: ='Fish Use'!D3 -> Chinook | D28: ='Fish Use'!E3 -> Winter Rearing | E28: ='Vulnerability Mapped'!C90 -> Water Quality | F28: ='Fish Use'!F3 -> 0.4162 | G28: =Population!D6 -> 0.36 | H28: ='Limiting Factors'!C16 -> 5 | I28: ='Limiting Factors'!D16 -> 1 | J28: ='Vulnerability Mapped'!D90 -> 7 | K28: ='Vulnerability Mapped'!E90 -> 7 | L28: ='Vulnerability Mapped'!H90 -> 0.61428571 | M28: =F28*I28*L28 -> 0.25566571 | N28: =M28*G28 -> 0.092039657
A29: ='Fish Use'!A3 -> CC1 | B29: ='Fish Use'!B3 -> Catherine Creek | C29: ='Fish Use'!D3 -> Chinook | D29: ='Fish Use'!E3 -> Winter Rearing | E29: ='Vulnerability Mapped'!C86 -> Predation | F29: ='Fish Use'!F3 -> 0.4162 | G29: =Population!D6 -> 0.36 | H29: ='Limiting Factors'!C9 -> 4.22 | I29: ='Limiting Factors'!D9 -> 0.8245 | J29: ='Vulnerability Mapped'!D86 -> 11 | K29: ='Vulnerability Mapped'!E86 -> 11 | L29: ='Vulnerability Mapped'!H86 -> 0.35714286 | M29: =F29*I29*L29 -> 0.12255604 | N29: =M29*G29 -> 0.044120173
A30: ='Fish Use'!A3 -> CC1 | B30: ='Fish Use'!B3 -> Catherine Creek | C30: ='Fish Use'!D3 -> Chinook | D30: ='Fish Use'!E3 -> Winter Rearing | E30: ='Vulnerability Mapped'!C78 -> Altered Primary Productivity | F30: ='Fish Use'!F3 -> 0.4162 | G30: =Population!D6 -> 0.36 | H30: ='Limiting Factors'!C10 -> 4.31 | I30: ='Limiting Factors'!D10 -> 0.84475 | J30: ='Vulnerability Mapped'!D78 -> 12 | K30: ='Vulnerability Mapped'!E78 -> 12 | L30: ='Vulnerability Mapped'!H78 -> 0.29285714 | M30: =F30*I30*L30 -> 0.10296416 | N30: =M30*G30 -> 0.037067099
A31: ='Fish Use'!A3 -> CC1 | B31: ='Fish Use'!B3 -> Catherine Creek | C31: ='Fish Use'!D3 -> Chinook | D31: ='Fish Use'!E3 -> Winter Rearing | E31: ='Vulnerability Mapped'!C85 -> Non-Native Species Interactions and Competition | F31: ='Fish Use'!F3 -> 0.4162 | G31: =Population!D6 -> 0.36 | H31: ='Limiting Factors'!C11 -> 4.64 | I31: ='Limiting Factors'!D11 -> 0.919 | J31: ='Vulnerability Mapped'!D85 -> 12 | K31: ='Vulnerability Mapped'!E85 -> 12 | L31: ='Vulnerability Mapped'!H85 -> 0.29285714 | M31: =F31*I31*L31 -> 0.11201428 | N31: =M31*G31 -> 0.040325142
A32: ='Fish Use'!A4 -> CC1 | B32: ='Fish Use'!B4 -> Catherine Creek | C32: ='Fish Use'!D4 -> Chinook | D32: ='Fish Use'!E4 -> Summer Rearing | E32: ='Vulnerability Mapped'!C64 -> Anthropogenic Barriers | F32: ='Fish Use'!F4 -> 0.4162 | G32: =Population!D4 -> 0.21 | H32: ='Limiting Factors'!C8 -> 3.68 | I32: ='Limiting Factors'!D8 -> 0.703 | J32: ='Vulnerability Mapped'!D64 -> 7 | K32: ='Vulnerability Mapped'!E64 -> 7 | L32: ='Vulnerability Mapped'!H64 -> 0.61428571 | M32: =F32*I32*L32 -> 0.179733 | N32: =M32*G32 -> 0.037743929
A33: ='Fish Use'!A4 -> CC1 | B33: ='Fish Use'!B4 -> Catherine Creek | C33: ='Fish Use'!D4 -> Chinook | D33: ='Fish Use'!E4 -> Summer Rearing | E33: ='Vulnerability Mapped'!C72 -> Riparian Condition | F33: ='Fish Use'!F4 -> 0.4162 | G33: =Population!D4 -> 0.21 | H33: ='Limiting Factors'!C2 -> 4.57 | I33: ='Limiting Factors'!D2 -> 0.90325 | J33: ='Vulnerability Mapped'!D72 -> 5 | K33: ='Vulnerability Mapped'!E72 -> 5 | L33: ='Vulnerability Mapped'!H72 -> 0.74285714 | M33: =F33*I33*L33 -> 0.27926425 | N33: =M33*G33 -> 0.058645493
A34: ='Fish Use'!A4 -> CC1 | B34: ='Fish Use'!B4 -> Catherine Creek | C34: ='Fish Use'!D4 -> Chinook | D34: ='Fish Use'!E4 -> Summer Rearing | E34: ='Vulnerability Mapped'!C68 -> Floodplain Condition | F34: ='Fish Use'!F4 -> 0.4162 | G34: =Population!D4 -> 0.21 | H34: ='Limiting Factors'!C3 -> 4.78 | I34: ='Limiting Factors'!D3 -> 0.9505 | J34: ='Vulnerability Mapped'!D68 -> 10 | K34: ='Vulnerability Mapped'!E68 -> 10 | L34: ='Vulnerability Mapped'!H68 -> 0.42142857 | M34: =F34*I34*L34 -> 0.16671634 | N34: =M34*G34 -> 0.035010432
A35: ='Fish Use'!A4 -> CC1 | B35: ='Fish Use'!B4 -> Catherine Creek | C35: ='Fish Use'!D4 -> Chinook | D35: ='Fish Use'!E4 -> Summer Rearing | E35: ='Vulnerability Mapped'!C73 -> Side Channel and Wetland Habitat | F35: ='Fish Use'!F4 -> 0.4162 | G35: =Population!D4 -> 0.21 | H35: ='Limiting Factors'!C4 -> 4.08 | I35: ='Limiting Factors'!D4 -> 0.793 | J35: ='Vulnerability Mapped'!D73 -> 4 | K35: ='Vulnerability Mapped'!E73 -> 4 | L35: ='Vulnerability Mapped'!H73 -> 0.80714286 | M35: =F35*I35*L35 -> 0.26639476 | N35: =M35*G35 -> 0.055942899
A36: ='Fish Use'!A4 -> CC1 | B36: ='Fish Use'!B4 -> Catherine Creek | C36: ='Fish Use'!D4 -> Chinook | D36: ='Fish Use'!E4 -> Summer Rearing | E36: ='Vulnerability Mapped'!C65 -> Channel and Habitat Structure | F36: ='Fish Use'!F4 -> 0.4162 | G36: =Population!D4 -> 0.21 | H36: ='Limiting Factors'!C5 -> 4.57 | I36: ='Limiting Factors'!D5 -> 0.90325 | J36: ='Vulnerability Mapped'!D65 -> 3 | K36: ='Vulnerability Mapped'!E65 -> 3 | L36: ='Vulnerability Mapped'!H65 -> 0.87142857 | M36: =F36*I36*L36 -> 0.32759845 | N36: =M36*G36 -> 0.068795675
A37: ='Fish Use'!A4 -> CC1 | B37: ='Fish Use'!B4 -> Catherine Creek | C37: ='Fish Use'!D4 -> Chinook | D37: ='Fish Use'!E4 -> Summer Rearing | E37: ='Vulnerability Mapped'!C67 -> Decreased Water Quantity | F37: ='Fish Use'!F4 -> 0.4162 | G37: =Population!D4 -> 0.21 | H37: ='Limiting Factors'!C12 -> 5 | I37: ='Limiting Factors'!D12 -> 1 | J37: ='Vulnerability Mapped'!D67 -> 2 | K37: ='Vulnerability Mapped'!E67 -> 2 | L37: ='Vulnerability Mapped'!H67 -> 0.93571429 | M37: =F37*I37*L37 -> 0.38944429 | N37: =M37*G37 -> 0.0817833
A38: ='Fish Use'!A4 -> CC1 | B38: ='Fish Use'!B4 -> Catherine Creek | C38: ='Fish Use'!D4 -> Chinook | D38: ='Fish Use'!E4 -> Summer Rearing | E38: ='Vulnerability Mapped'!C62 -> Altered Flow Timing | F38: ='Fish Use'!F4 -> 0.4162 | G38: =Population!D4 -> 0.21 | H38: ='Limiting Factors'!C13 -> 4.31 | I38: ='Limiting Factors'!D13 -> 0.84475 | J38: ='Vulnerability Mapped'!D62 -> 6 | K38: ='Vulnerability Mapped'!E62 -> 6 | L38: ='Vulnerability Mapped'!H62 -> 0.67857143 | M38: =F38*I38*L38 -> 0.2385755 | N38: =M38*G38 -> 0.050100855
A39: ='Fish Use'!A4 -> CC1 | B39: ='Fish Use'!B4 -> Catherine Creek | C39: ='Fish Use'!D4 -> Chinook | D39: ='Fish Use'!E4 -> Summer Rearing | E39: ='Vulnerability Mapped'!C66 -> Decreased Sediment Quantity | F39: ='Fish Use'!F4 -> 0.4162 | G39: =Population!D4 -> 0.21 | H39: ='Limiting Factors'!C6 -> 2.95 | I39: ='Limiting Factors'!D6 -> 0.53875 | J39: ='Vulnerability Mapped'!D66 -> 12 | K39: ='Vulnerability Mapped'!E66 -> 12 | L39: ='Vulnerability Mapped'!H66 -> 0.29285714 | M39: =F39*I39*L39 -> 0.065666698 | N39: =M39*G39 -> 0.013790007
A40: ='Fish Use'!A4 -> CC1 | B40: ='Fish Use'!B4 -> Catherine Creek | C40: ='Fish Use'!D4 -> Chinook | D40: ='Fish Use'!E4 -> Summer Rearing | E40: ='Vulnerability Mapped'!C69 -> Increased Sediment Quantity | F40: ='Fish Use'!F4 -> 0.4162 | G40: =Population!D4 -> 0.21 | H40: ='Limiting Factors'!C7 -> 4.51 | I40: ='Limiting Factors'!D7 -> 0.88975 | J40: ='Vulnerability Mapped'!D69 -> 14 | K40: ='Vulnerability Mapped'!E69 -> 14 | L40: ='Vulnerability Mapped'!H69 -> 0.16428571 | M40: =F40*I40*L40 -> 0.060837292 | N40: =M40*G40 -> 0.012775831
A41: ='Fish Use'!A4 -> CC1 | B41: ='Fish Use'!B4 -> Catherine Creek | C41: ='Fish Use'!D4 -> Chinook | D41: ='Fish Use'!E4 -> Summer Rearing | E41: ='Vulnerability Mapped'!C74 -> Summer Water Temperature | F41: ='Fish Use'!F4 -> 0.4162 | G41: =Population!D4 -> 0.21 | H41: ='Limiting Factors'!C14 -> 4.64 | I41: ='Limiting Factors'!D14 -> 0.919 | J41: ='Vulnerability Mapped'!D74 -> 1 | K41: ='Vulnerability Mapped'!E74 -> 1 | L41: ='Vulnerability Mapped'!H74 -> 1 | M41: =F41*I41*L41 -> 0.3824878 | N41: =M41*G41 -> 0.080322438
A42: ='Fish Use'!A4 -> CC1 | B42: ='Fish Use'!B4 -> Catherine Creek | C42: ='Fish Use'!D4 -> Chinook | D42: ='Fish Use'!E4 -> Summer Rearing | E42: ='Vulnerability Mapped'!C76 -> Winter Water Temperature | F42: ='Fish Use'!F4 -> 0.4162 | G42: =Population!D4 -> 0.21 | H42: ='Limiting Factors'!C15 -> 3.91 | I42: ='Limiting Factors'!D15 -> 0.75475 | J42: ='Vulnerability Mapped'!D76 -> 15 | K42: ='Vulnerability Mapped'!E76 -> 15 | L42: ='Vulnerability Mapped'!H76 -> 0.1 | M42: =F42*I42*L42 -> 0.031412695 | N42: =M42*G42 -> 0.006596666
A43: ='Fish Use'!A4 -> CC1 | B43: ='Fish Use'!B4 -> Catherine Creek | C43: ='Fish Use'!D4 -> Chinook | D43: ='Fish Use'!E4 -> Summer Rearing | E43: ='Vulnerability Mapped'!C75 -> Water Quality | F43: ='Fish Use'!F4 -> 0.4162 | G43: =Population!D4 -> 0.21 | H43: ='Limiting Factors'!C16 -> 5 | I43: ='Limiting Factors'!D16 -> 1 | J43: ='Vulnerability Mapped'!D75 -> 9 | K43: ='Vulnerability Mapped'!E75 -> 9 | L43: ='Vulnerability Mapped'!H75 -> 0.48571429 | M43: =F43*I43*L43 -> 0.20215429 | N43: =M43*G43 -> 0.0424524
A44: ='Fish Use'!A4 -> CC1 | B44: ='Fish Use'!B4 -> Catherine Creek | C44: ='Fish Use'!D4 -> Chinook | D44: ='Fish Use'!E4 -> Summer Rearing | E44: ='Vulnerability Mapped'!C71 -> Predation | F44: ='Fish Use'!F4 -> 0.4162 | G44: =Population!D4 -> 0.21 | H44: ='Limiting Factors'!C9 -> 4.22 | I44: ='Limiting Factors'!D9 -> 0.8245 | J44: ='Vulnerability Mapped'!D71 -> 13 | K44: ='Vulnerability Mapped'!E71 -> 13 | L44: ='Vulnerability Mapped'!H71 -> 0.22857143 | M44: =F44*I44*L44 -> 0.078435863 | N44: =M44*G44 -> 0.016471531
A45: ='Fish Use'!A4 -> CC1 | B45: ='Fish Use'!B4 -> Catherine Creek | C45: ='Fish Use'!D4 -> Chinook | D45: ='Fish Use'!E4 -> Summer Rearing | E45: ='Vulnerability Mapped'!C63 -> Altered Primary Productivity | F45: ='Fish Use'!F4 -> 0.4162 | G45: =Population!D4 -> 0.21 | H45: ='Limiting Factors'!C10 -> 4.31 | I45: ='Limiting Factors'!D10 -> 0.84475 | J45: ='Vulnerability Mapped'!D63 -> 8 | K45: ='Vulnerability Mapped'!E63 -> 8 | L45: ='Vulnerability Mapped'!H63 -> 0.55 | M45: =F45*I45*L45 -> 0.19337172 | N45: =M45*G45 -> 0.040608062
A46: ='Fish Use'!A4 -> CC1 | B46: ='Fish Use'!B4 -> Catherine Creek | C46: ='Fish Use'!D4 -> Chinook | D46: ='Fish Use'!E4 -> Summer Rearing | E46: ='Vulnerability Mapped'!C70 -> Non-Native Species Interactions and Competition | F46: ='Fish Use'!F4 -> 0.4162 | G46: =Population!D4 -> 0.21 | H46: ='Limiting Factors'!C11 -> 4.64 | I46: ='Limiting Factors'!D11 -> 0.919 | J46: ='Vulnerability Mapped'!D70 -> 11 | K46: ='Vulnerability Mapped'!E70 -> 11 | L46: ='Vulnerability Mapped'!H70 -> 0.35714286 | M46: =F46*I46*L46 -> 0.13660279 | N46: =M46*G46 -> 0.028686585
A47: ='Fish Use'!A5 -> CC1 | B47: ='Fish Use'!B5 -> Catherine Creek | C47: ='Fish Use'!D5 -> Chinook | D47: ='Fish Use'!E5 -> Migration | E47: ='Vulnerability Mapped'!C34 -> Anthropogenic Barriers | F47: ='Fish Use'!F5 -> 0.4162 | G47: =Population!D8 -> 0.3 | H47: ='Limiting Factors'!C8 -> 3.68 | I47: ='Limiting Factors'!D8 -> 0.703 | J47: ='Vulnerability Mapped'!D34 -> 2 | K47: ='Vulnerability Mapped'!E34 -> 13 | L47: ='Vulnerability Mapped'!H34 -> 0.93571429 | M47: =F47*I47*L47 -> 0.27377933 | N47: =M47*G47 -> 0.0821338
A48: ='Fish Use'!A5 -> CC1 | B48: ='Fish Use'!B5 -> Catherine Creek | C48: ='Fish Use'!D5 -> Chinook | D48: ='Fish Use'!E5 -> Migration | E48: ='Vulnerability Mapped'!C42 -> Riparian Condition | F48: ='Fish Use'!F5 -> 0.4162 | G48: =Population!D8 -> 0.3 | H48: ='Limiting Factors'!C2 -> 4.57 | I48: ='Limiting Factors'!D2 -> 0.90325 | J48: ='Vulnerability Mapped'!D42 -> 9 | K48: ='Vulnerability Mapped'!E42 -> 14 | L48: ='Vulnerability Mapped'!H42 -> 0.48571429 | M48: =F48*I48*L48 -> 0.18259586 | N48: =M48*G48 -> 0.054778758
A49: ='Fish Use'!A5 -> CC1 | B49: ='Fish Use'!B5 -> Catherine Creek | C49: ='Fish Use'!D5 -> Chinook | D49: ='Fish Use'!E5 -> Migration | E49: ='Vulnerability Mapped'!C38 -> Floodplain Condition | F49: ='Fish Use'!F5 -> 0.4162 | G49: =Population!D8 -> 0.3 | H49: ='Limiting Factors'!C3 -> 4.78 | I49: ='Limiting Factors'!D3 -> 0.9505 | J49: ='Vulnerability Mapped'!D38 -> 6 | K49: ='Vulnerability Mapped'!E38 -> 8 | L49: ='Vulnerability Mapped'!H38 -> 0.67857143 | M49: =F49*I49*L49 -> 0.26844157 | N49: =M49*G49 -> 0.08053247
A50: ='Fish Use'!A5 -> CC1 | B50: ='Fish Use'!B5 -> Catherine Creek | C50: ='Fish Use'!D5 -> Chinook | D50: ='Fish Use'!E5 -> Migration | E50: ='Vulnerability Mapped'!C43 -> Side Channel and Wetland Habitat | F50: ='Fish Use'!F5 -> 0.4162 | G50: =Population!D8 -> 0.3 | H50: ='Limiting Factors'!C4 -> 4.08 | I50: ='Limiting Factors'!D4 -> 0.793 | J50: ='Vulnerability Mapped'!D43 -> 7 | K50: ='Vulnerability Mapped'!E43 -> 7 | L50: ='Vulnerability Mapped'!H43 -> 0.61428571 | M50: =F50*I50*L50 -> 0.20274291 | N50: =M50*G50 -> 0.060822873
A51: ='Fish Use'!A5 -> CC1 | B51: ='Fish Use'!B5 -> Catherine Creek | C51: ='Fish Use'!D5 -> Chinook | D51: ='Fish Use'!E5 -> Migration | E51: ='Vulnerability Mapped'!C35 -> Channel and Habitat Structure | F51: ='Fish Use'!F5 -> 0.4162 | G51: =Population!D8 -> 0.3 | H51: ='Limiting Factors'!C5 -> 4.57 | I51: ='Limiting Factors'!D5 -> 0.90325 | J51: ='Vulnerability Mapped'!D35 -> 3 | K51: ='Vulnerability Mapped'!E35 -> 5 | L51: ='Vulnerability Mapped'!H35 -> 0.87142857 | M51: =F51*I51*L51 -> 0.32759845 | N51: =M51*G51 -> 0.098279536
A52: ='Fish Use'!A5 -> CC1 | B52: ='Fish Use'!B5 -> Catherine Creek | C52: ='Fish Use'!D5 -> Chinook | D52: ='Fish Use'!E5 -> Migration | E52: ='Vulnerability Mapped'!C37 -> Decreased Water Quantity | F52: ='Fish Use'!F5 -> 0.4162 | G52: =Population!D8 -> 0.3 | H52: ='Limiting Factors'!C12 -> 5 | I52: ='Limiting Factors'!D12 -> 1 | J52: ='Vulnerability Mapped'!D37 -> 2 | K52: ='Vulnerability Mapped'!E37 -> 3 | L52: ='Vulnerability Mapped'!H37 -> 0.93571429 | M52: =F52*I52*L52 -> 0.38944429 | N52: =M52*G52 -> 0.11683329
A53: ='Fish Use'!A5 -> CC1 | B53: ='Fish Use'!B5 -> Catherine Creek | C53: ='Fish Use'!D5 -> Chinook | D53: ='Fish Use'!E5 -> Migration | E53: ='Vulnerability Mapped'!C32 -> Altered Flow Timing | F53: ='Fish Use'!F5 -> 0.4162 | G53: =Population!D8 -> 0.3 | H53: ='Limiting Factors'!C13 -> 4.31 | I53: ='Limiting Factors'!D13 -> 0.84475 | J53: ='Vulnerability Mapped'!D32 -> 4 | K53: ='Vulnerability Mapped'!E32 -> 4 | L53: ='Vulnerability Mapped'!H32 -> 0.80714286 | M53: =F53*I53*L53 -> 0.28377928 | N53: =M53*G53 -> 0.085133784
A54: ='Fish Use'!A5 -> CC1 | B54: ='Fish Use'!B5 -> Catherine Creek | C54: ='Fish Use'!D5 -> Chinook | D54: ='Fish Use'!E5 -> Migration | E54: ='Vulnerability Mapped'!C36 -> Decreased Sediment Quantity | F54: ='Fish Use'!F5 -> 0.4162 | G54: =Population!D8 -> 0.3 | H54: ='Limiting Factors'!C6 -> 2.95 | I54: ='Limiting Factors'!D6 -> 0.53875 | J54: ='Vulnerability Mapped'!D36 -> 11 | K54: ='Vulnerability Mapped'!E36 -> 12 | L54: ='Vulnerability Mapped'!H36 -> 0.35714286 | M54: =F54*I54*L54 -> 0.080081339 | N54: =M54*G54 -> 0.024024402
A55: ='Fish Use'!A5 -> CC1 | B55: ='Fish Use'!B5 -> Catherine Creek | C55: ='Fish Use'!D5 -> Chinook | D55: ='Fish Use'!E5 -> Migration | E55: ='Vulnerability Mapped'!C39 -> Increased Sediment Quantity | F55: ='Fish Use'!F5 -> 0.4162 | G55: =Population!D8 -> 0.3 | H55: ='Limiting Factors'!C7 -> 4.51 | I55: ='Limiting Factors'!D7 -> 0.88975 | J55: ='Vulnerability Mapped'!D39 -> 10 | K55: ='Vulnerability Mapped'!E39 -> 11 | L55: ='Vulnerability Mapped'!H39 -> 0.42142857 | M55: =F55*I55*L55 -> 0.15606088 | N55: =M55*G55 -> 0.046818264
A56: ='Fish Use'!A5 -> CC1 | B56: ='Fish Use'!B5 -> Catherine Creek | C56: ='Fish Use'!D5 -> Chinook | D56: ='Fish Use'!E5 -> Migration | E56: ='Vulnerability Mapped'!C44 -> Summer Water Temperature | F56: ='Fish Use'!F5 -> 0.4162 | G56: =Population!D8 -> 0.3 | H56: ='Limiting Factors'!C14 -> 4.64 | I56: ='Limiting Factors'!D14 -> 0.919 | J56: ='Vulnerability Mapped'!D44 -> 1 | K56: ='Vulnerability Mapped'!E44 -> 15 | L56: ='Vulnerability Mapped'!H44 -> 1 | M56: =F56*I56*L56 -> 0.3824878 | N56: =M56*G56 -> 0.11474634
A57: ='Fish Use'!A5 -> CC1 | B57: ='Fish Use'!B5 -> Catherine Creek | C57: ='Fish Use'!D5 -> Chinook | D57: ='Fish Use'!E5 -> Migration | E57: ='Vulnerability Mapped'!C46 -> Winter Water Temperature | F57: ='Fish Use'!F5 -> 0.4162 | G57: =Population!D8 -> 0.3 | H57: ='Limiting Factors'!C15 -> 3.91 | I57: ='Limiting Factors'!D15 -> 0.75475 | J57: ='Vulnerability Mapped'!D46 -> 9 | K57: ='Vulnerability Mapped'!E46 -> 15 | L57: ='Vulnerability Mapped'!H46 -> 0.48571429 | M57: =F57*I57*L57 -> 0.15257595 | N57: =M57*G57 -> 0.045772784
A58: ='Fish Use'!A5 -> CC1 | B58: ='Fish Use'!B5 -> Catherine Creek | C58: ='Fish Use'!D5 -> Chinook | D58: ='Fish Use'!E5 -> Migration | E58: ='Vulnerability Mapped'!C45 -> Water Quality | F58: ='Fish Use'!F5 -> 0.4162 | G58: =Population!D8 -> 0.3 | H58: ='Limiting Factors'!C16 -> 5 | I58: ='Limiting Factors'!D16 -> 1 | J58: ='Vulnerability Mapped'!D45 -> 5 | K58: ='Vulnerability Mapped'!E45 -> 6 | L58: ='Vulnerability Mapped'!H45 -> 0.74285714 | M58: =F58*I58*L58 -> 0.30917714 | N58: =M58*G58 -> 0.092753143
A59: ='Fish Use'!A5 -> CC1 | B59: ='Fish Use'!B5 -> Catherine Creek | C59: ='Fish Use'!D5 -> Chinook | D59: ='Fish Use'!E5 -> Migration | E59: ='Vulnerability Mapped'!C41 -> Predation | F59: ='Fish Use'!F5 -> 0.4162 | G59: =Population!D8 -> 0.3 | H59: ='Limiting Factors'!C9 -> 4.22 | I59: ='Limiting Factors'!D9 -> 0.8245 | J59: ='Vulnerability Mapped'!D41 -> 1 | K59: ='Vulnerability Mapped'!E41 -> 14 | L59: ='Vulnerability Mapped'!H41 -> 1 | M59: =F59*I59*L59 -> 0.3431569 | N59: =M59*G59 -> 0.10294707
A60: ='Fish Use'!A5 -> CC1 | B60: ='Fish Use'!B5 -> Catherine Creek | C60: ='Fish Use'!D5 -> Chinook | D60: ='Fish Use'!E5 -> Migration | E60: ='Vulnerability Mapped'!C33 -> Altered Primary Productivity | F60: ='Fish Use'!F5 -> 0.4162 | G60: =Population!D8 -> 0.3 | H60: ='Limiting Factors'!C10 -> 4.31 | I60: ='Limiting Factors'!D10 -> 0.84475 | J60: ='Vulnerability Mapped'!D33 -> 10 | K60: ='Vulnerability Mapped'!E33 -> 13 | L60: ='Vulnerability Mapped'!H33 -> 0.42142857 | M60: =F60*I60*L60 -> 0.14816794 | N60: =M60*G60 -> 0.044450383
A61: ='Fish Use'!A5 -> CC1 | B61: ='Fish Use'!B5 -> Catherine Creek | C61: ='Fish Use'!D5 -> Chinook | D61: ='Fish Use'!E5 -> Migration | E61: ='Vulnerability Mapped'!C40 -> Non-Native Species Interactions and Competition | F61: ='Fish Use'!F5 -> 0.4162 | G61: =Population!D8 -> 0.3 | H61: ='Limiting Factors'!C11 -> 4.64 | I61: ='Limiting Factors'!D11 -> 0.919 | J61: ='Vulnerability Mapped'!D40 -> 8 | K61: ='Vulnerability Mapped'!E40 -> 12 | L61: ='Vulnerability Mapped'!H40 -> 0.55 | M61: =F61*I61*L61 -> 0.21036829 | N61: =M61*G61 -> 0.063110487
A62: ='Fish Use'!A6 -> CC1 | B62: ='Fish Use'!B6 -> Catherine Creek | C62: ='Fish Use'!D6 -> Steelhead | D62: ='Fish Use'!E6 -> Spawning | E62: ='Vulnerability Mapped'!C109 -> Anthropogenic Barriers | F62: ='Fish Use'!F6 -> 0.4162 | G62: =Population!D3 -> 0.25 | H62: ='Limiting Factors'!C8 -> 3.68 | I62: ='Limiting Factors'!D8 -> 0.703 | J62: ='Vulnerability Mapped'!D109 -> 15 | K62: ='Vulnerability Mapped'!E109 -> 15 | L62: ='Vulnerability Mapped'!H109 -> 0.1 | M62: =F62*I62*L62 -> 0.02925886 | N62: =M62*G62 -> 0.007314715
A63: ='Fish Use'!A6 -> CC1 | B63: ='Fish Use'!B6 -> Catherine Creek | C63: ='Fish Use'!D6 -> Steelhead | D63: ='Fish Use'!E6 -> Spawning | E63: ='Vulnerability Mapped'!C117 -> Riparian Condition | F63: ='Fish Use'!F6 -> 0.4162 | G63: =Population!D3 -> 0.25 | H63: ='Limiting Factors'!C2 -> 4.57 | I63: ='Limiting Factors'!D2 -> 0.90325 | J63: ='Vulnerability Mapped'!D117 -> 5 | K63: ='Vulnerability Mapped'!E117 -> 5 | L63: ='Vulnerability Mapped'!H117 -> 0.74285714 | M63: =F63*I63*L63 -> 0.27926425 | N63: =M63*G63 -> 0.069816064
A64: ='Fish Use'!A6 -> CC1 | B64: ='Fish Use'!B6 -> Catherine Creek | C64: ='Fish Use'!D6 -> Steelhead | D64: ='Fish Use'!E6 -> Spawning | E64: ='Vulnerability Mapped'!C113 -> Floodplain Condition | F64: ='Fish Use'!F6 -> 0.4162 | G64: =Population!D3 -> 0.25 | H64: ='Limiting Factors'!C3 -> 4.78 | I64: ='Limiting Factors'!D3 -> 0.9505 | J64: ='Vulnerability Mapped'!D113 -> 3 | K64: ='Vulnerability Mapped'!E113 -> 3 | L64: ='Vulnerability Mapped'!H113 -> 0.87142857 | M64: =F64*I64*L64 -> 0.34473549 | N64: =M64*G64 -> 0.086183872
A65: ='Fish Use'!A6 -> CC1 | B65: ='Fish Use'!B6 -> Catherine Creek | C65: ='Fish Use'!D6 -> Steelhead | D65: ='Fish Use'!E6 -> Spawning | E65: ='Vulnerability Mapped'!C118 -> Side Channel and Wetland Habitat | F65: ='Fish Use'!F6 -> 0.4162 | G65: =Population!D3 -> 0.25 | H65: ='Limiting Factors'!C4 -> 4.08 | I65: ='Limiting Factors'!D4 -> 0.793 | J65: ='Vulnerability Mapped'!D118 -> 2 | K65: ='Vulnerability Mapped'!E118 -> 2 | L65: ='Vulnerability Mapped'!H118 -> 0.93571429 | M65: =F65*I65*L65 -> 0.30882932 | N65: =M65*G65 -> 0.07720733
A66: ='Fish Use'!A6 -> CC1 | B66: ='Fish Use'!B6 -> Catherine Creek | C66: ='Fish Use'!D6 -> Steelhead | D66: ='Fish Use'!E6 -> Spawning | E66: ='Vulnerability Mapped'!C110 -> Channel and Habitat Structure | F66: ='Fish Use'!F6 -> 0.4162 | G66: =Population!D3 -> 0.25 | H66: ='Limiting Factors'!C5 -> 4.57 | I66: ='Limiting Factors'!D5 -> 0.90325 | J66: ='Vulnerability Mapped'!D110 -> 1 | K66: ='Vulnerability Mapped'!E110 -> 1 | L66: ='Vulnerability Mapped'!H110 -> 1 | M66: =F66*I66*L66 -> 0.37593265 | N66: =M66*G66 -> 0.093983163
A67: ='Fish Use'!A6 -> CC1 | B67: ='Fish Use'!B6 -> Catherine Creek | C67: ='Fish Use'!D6 -> Steelhead | D67: ='Fish Use'!E6 -> Spawning | E67: ='Vulnerability Mapped'!C112 -> Decreased Water Quantity | F67: ='Fish Use'!F6 -> 0.4162 | G67: =Population!D3 -> 0.25 | H67: ='Limiting Factors'!C12 -> 5 | I67: ='Limiting Factors'!D12 -> 1 | J67: ='Vulnerability Mapped'!D112 -> 9 | K67: ='Vulnerability Mapped'!E112 -> 9 | L67: ='Vulnerability Mapped'!H112 -> 0.48571429 | M67: =F67*I67*L67 -> 0.20215429 | N67: =M67*G67 -> 0.050538571
A68: ='Fish Use'!A6 -> CC1 | B68: ='Fish Use'!B6 -> Catherine Creek | C68: ='Fish Use'!D6 -> Steelhead | D68: ='Fish Use'!E6 -> Spawning | E68: ='Vulnerability Mapped'!C107 -> Altered Flow Timing | F68: ='Fish Use'!F6 -> 0.4162 | G68: =Population!D3 -> 0.25 | H68: ='Limiting Factors'!C13 -> 4.31 | I68: ='Limiting Factors'!D13 -> 0.84475 | J68: ='Vulnerability Mapped'!D107 -> 6 | K68: ='Vulnerability Mapped'!E107 -> 6 | L68: ='Vulnerability Mapped'!H107 -> 0.67857143 | M68: =F68*I68*L68 -> 0.2385755 | N68: =M68*G68 -> 0.059643875
A69: ='Fish Use'!A6 -> CC1 | B69: ='Fish Use'!B6 -> Catherine Creek | C69: ='Fish Use'!D6 -> Steelhead | D69: ='Fish Use'!E6 -> Spawning | E69: ='Vulnerability Mapped'!C111 -> Decreased Sediment Quantity | F69: ='Fish Use'!F6 -> 0.4162 | G69: =Population!D3 -> 0.25 | H69: ='Limiting Factors'!C6 -> 2.95 | I69: ='Limiting Factors'!D6 -> 0.53875 | J69: ='Vulnerability Mapped'!D111 -> 4 | K69: ='Vulnerability Mapped'!E111 -> 4 | L69: ='Vulnerability Mapped'!H111 -> 0.80714286 | M69: =F69*I69*L69 -> 0.18098383 | N69: =M69*G69 -> 0.045245957
A70: ='Fish Use'!A6 -> CC1 | B70: ='Fish Use'!B6 -> Catherine Creek | C70: ='Fish Use'!D6 -> Steelhead | D70: ='Fish Use'!E6 -> Spawning | E70: ='Vulnerability Mapped'!C114 -> Increased Sediment Quantity | F70: ='Fish Use'!F6 -> 0.4162 | G70: =Population!D3 -> 0.25 | H70: ='Limiting Factors'!C7 -> 4.51 | I70: ='Limiting Factors'!D7 -> 0.88975 | J70: ='Vulnerability Mapped'!D114 -> 10 | K70: ='Vulnerability Mapped'!E114 -> 10 | L70: ='Vulnerability Mapped'!H114 -> 0.42142857 | M70: =F70*I70*L70 -> 0.15606088 | N70: =M70*G70 -> 0.03901522
A71: ='Fish Use'!A6 -> CC1 | B71: ='Fish Use'!B6 -> Catherine Creek | C71: ='Fish Use'!D6 -> Steelhead | D71: ='Fish Use'!E6 -> Spawning | E71: ='Vulnerability Mapped'!C119 -> Summer Water Temperature | F71: ='Fish Use'!F6 -> 0.4162 | G71: =Population!D3 -> 0.25 | H71: ='Limiting Factors'!C14 -> 4.64 | I71: ='Limiting Factors'!D14 -> 0.919 | J71: ='Vulnerability Mapped'!D119 -> 11 | K71: ='Vulnerability Mapped'!E119 -> 11 | L71: ='Vulnerability Mapped'!H119 -> 0.35714286 | M71: =F71*I71*L71 -> 0.13660279 | N71: =M71*G71 -> 0.034150696
A72: ='Fish Use'!A6 -> CC1 | B72: ='Fish Use'!B6 -> Catherine Creek | C72: ='Fish Use'!D6 -> Steelhead | D72: ='Fish Use'!E6 -> Spawning | E72: ='Vulnerability Mapped'!C121 -> Winter Water Temperature | F72: ='Fish Use'!F6 -> 0.4162 | G72: =Population!D3 -> 0.25 | H72: ='Limiting Factors'!C15 -> 3.91 | I72: ='Limiting Factors'!D15 -> 0.75475 | J72: ='Vulnerability Mapped'!D121 -> 7 | K72: ='Vulnerability Mapped'!E121 -> 7 | L72: ='Vulnerability Mapped'!H121 -> 0.61428571 | M72: =F72*I72*L72 -> 0.1929637 | N72: =M72*G72 -> 0.048240924
A73: ='Fish Use'!A6 -> CC1 | B73: ='Fish Use'!B6 -> Catherine Creek | C73: ='Fish Use'!D6 -> Steelhead | D73: ='Fish Use'!E6 -> Spawning | E73: ='Vulnerability Mapped'!C120 -> Water Quality | F73: ='Fish Use'!F6 -> 0.4162 | G73: =Population!D3 -> 0.25 | H73: ='Limiting Factors'!C16 -> 5 | I73: ='Limiting Factors'!D16 -> 1 | J73: ='Vulnerability Mapped'!D120 -> 8 | K73: ='Vulnerability Mapped'!E120 -> 8 | L73: ='Vulnerability Mapped'!H120 -> 0.55 | M73: =F73*I73*L73 -> 0.22891 | N73: =M73*G73 -> 0.0572275
A74: ='Fish Use'!A6 -> CC1 | B74: ='Fish Use'!B6 -> Catherine Creek | C74: ='Fish Use'!D6 -> Steelhead | D74: ='Fish Use'!E6 -> Spawning | E74: ='Vulnerability Mapped'!C116 -> Predation | F74: ='Fish Use'!F6 -> 0.4162 | G74: =Population!D3 -> 0.25 | H74: ='Limiting Factors'!C9 -> 4.22 | I74: ='Limiting Factors'!D9 -> 0.8245 | J74: ='Vulnerability Mapped'!D116 -> 12 | K74: ='Vulnerability Mapped'!E116 -> 12 | L74: ='Vulnerability Mapped'!H116 -> 0.29285714 | M74: =F74*I74*L74 -> 0.10049595 | N74: =M74*G74 -> 0.025123987
A75: ='Fish Use'!A6 -> CC1 | B75: ='Fish Use'!B6 -> Catherine Creek | C75: ='Fish Use'!D6 -> Steelhead | D75: ='Fish Use'!E6 -> Spawning | E75: ='Vulnerability Mapped'!C108 -> Altered Primary Productivity | F75: ='Fish Use'!F6 -> 0.4162 | G75: =Population!D3 -> 0.25 | H75: ='Limiting Factors'!C10 -> 4.31 | I75: ='Limiting Factors'!D10 -> 0.84475 | J75: ='Vulnerability Mapped'!D108 -> 13 | K75: ='Vulnerability Mapped'!E108 -> 13 | L75: ='Vulnerability Mapped'!H108 -> 0.22857143 | M75: =F75*I75*L75 -> 0.080362274 | N75: =M75*G75 -> 0.020090569
A76: ='Fish Use'!A6 -> CC1 | B76: ='Fish Use'!B6 -> Catherine Creek | C76: ='Fish Use'!D6 -> Steelhead | D76: ='Fish Use'!E6 -> Spawning | E76: ='Vulnerability Mapped'!C115 -> Non-Native Species Interactions and Competition | F76: ='Fish Use'!F6 -> 0.4162 | G76: =Population!D3 -> 0.25 | H76: ='Limiting Factors'!C11 -> 4.64 | I76: ='Limiting Factors'!D11 -> 0.919 | J76: ='Vulnerability Mapped'!D115 -> 14 | K76: ='Vulnerability Mapped'!E115 -> 14 | L76: ='Vulnerability Mapped'!H115 -> 0.16428571 | M76: =F76*I76*L76 -> 0.062837281 | N76: =M76*G76 -> 0.01570932
A77: ='Fish Use'!A7 -> CC1 | B77: ='Fish Use'!B7 -> Catherine Creek | C77: ='Fish Use'!D7 -> Steelhead | D77: ='Fish Use'!E7 -> Winter Rearing | E77: ='Vulnerability Mapped'!C139 -> Anthropogenic Barriers | F77: ='Fish Use'!F7 -> 0.4162 | G77: =Population!D7 -> 0.25 | H77: ='Limiting Factors'!C8 -> 3.68 | I77: ='Limiting Factors'!D8 -> 0.703 | J77: ='Vulnerability Mapped'!D139 -> 14 | K77: ='Vulnerability Mapped'!E139 -> 14 | L77: ='Vulnerability Mapped'!H139 -> 0.16428571 | M77: =F77*I77*L77 -> 0.048068127 | N77: =M77*G77 -> 0.012017032
A78: ='Fish Use'!A7 -> CC1 | B78: ='Fish Use'!B7 -> Catherine Creek | C78: ='Fish Use'!D7 -> Steelhead | D78: ='Fish Use'!E7 -> Winter Rearing | E78: ='Vulnerability Mapped'!C147 -> Riparian Condition | F78: ='Fish Use'!F7 -> 0.4162 | G78: =Population!D7 -> 0.25 | H78: ='Limiting Factors'!C2 -> 4.57 | I78: ='Limiting Factors'!D2 -> 0.90325 | J78: ='Vulnerability Mapped'!D147 -> 5 | K78: ='Vulnerability Mapped'!E147 -> 5 | L78: ='Vulnerability Mapped'!H147 -> 0.74285714 | M78: =F78*I78*L78 -> 0.27926425 | N78: =M78*G78 -> 0.069816064
A79: ='Fish Use'!A7 -> CC1 | B79: ='Fish Use'!B7 -> Catherine Creek | C79: ='Fish Use'!D7 -> Steelhead | D79: ='Fish Use'!E7 -> Winter Rearing | E79: ='Vulnerability Mapped'!C143 -> Floodplain Condition | F79: ='Fish Use'!F7 -> 0.4162 | G79: =Population!D7 -> 0.25 | H79: ='Limiting Factors'!C3 -> 4.78 | I79: ='Limiting Factors'!D3 -> 0.9505 | J79: ='Vulnerability Mapped'!D143 -> 4 | K79: ='Vulnerability Mapped'!E143 -> 4 | L79: ='Vulnerability Mapped'!H143 -> 0.80714286 | M79: =F79*I79*L79 -> 0.31930418 | N79: =M79*G79 -> 0.079826045
A80: ='Fish Use'!A7 -> CC1 | B80: ='Fish Use'!B7 -> Catherine Creek | C80: ='Fish Use'!D7 -> Steelhead | D80: ='Fish Use'!E7 -> Winter Rearing | E80: ='Vulnerability Mapped'!C148 -> Side Channel and Wetland Habitat | F80: ='Fish Use'!F7 -> 0.4162 | G80: =Population!D7 -> 0.25 | H80: ='Limiting Factors'!C4 -> 4.08 | I80: ='Limiting Factors'!D4 -> 0.793 | J80: ='Vulnerability Mapped'!D148 -> 3 | K80: ='Vulnerability Mapped'!E148 -> 3 | L80: ='Vulnerability Mapped'!H148 -> 0.87142857 | M80: =F80*I80*L80 -> 0.28761204 | N80: =M80*G80 -> 0.071903009
A81: ='Fish Use'!A7 -> CC1 | B81: ='Fish Use'!B7 -> Catherine Creek | C81: ='Fish Use'!D7 -> Steelhead | D81: ='Fish Use'!E7 -> Winter Rearing | E81: ='Vulnerability Mapped'!C140 -> Channel and Habitat Structure | F81: ='Fish Use'!F7 -> 0.4162 | G81: =Population!D7 -> 0.25 | H81: ='Limiting Factors'!C5 -> 4.57 | I81: ='Limiting Factors'!D5 -> 0.90325 | J81: ='Vulnerability Mapped'!D140 -> 2 | K81: ='Vulnerability Mapped'!E140 -> 2 | L81: ='Vulnerability Mapped'!H140 -> 0.93571429 | M81: =F81*I81*L81 -> 0.35176555 | N81: =M81*G81 -> 0.087941388
A82: ='Fish Use'!A7 -> CC1 | B82: ='Fish Use'!B7 -> Catherine Creek | C82: ='Fish Use'!D7 -> Steelhead | D82: ='Fish Use'!E7 -> Winter Rearing | E82: ='Vulnerability Mapped'!C142 -> Decreased Water Quantity | F82: ='Fish Use'!F7 -> 0.4162 | G82: =Population!D7 -> 0.25 | H82: ='Limiting Factors'!C12 -> 5 | I82: ='Limiting Factors'!D12 -> 1 | J82: ='Vulnerability Mapped'!D142 -> 7 | K82: ='Vulnerability Mapped'!E142 -> 7 | L82: ='Vulnerability Mapped'!H142 -> 0.61428571 | M82: =F82*I82*L82 -> 0.25566571 | N82: =M82*G82 -> 0.063916429
A83: ='Fish Use'!A7 -> CC1 | B83: ='Fish Use'!B7 -> Catherine Creek | C83: ='Fish Use'!D7 -> Steelhead | D83: ='Fish Use'!E7 -> Winter Rearing | E83: ='Vulnerability Mapped'!C137 -> Altered Flow Timing | F83: ='Fish Use'!F7 -> 0.4162 | G83: =Population!D7 -> 0.25 | H83: ='Limiting Factors'!C13 -> 4.31 | I83: ='Limiting Factors'!D13 -> 0.84475 | J83: ='Vulnerability Mapped'!D137 -> 10 | K83: ='Vulnerability Mapped'!E137 -> 10 | L83: ='Vulnerability Mapped'!H137 -> 0.42142857 | M83: =F83*I83*L83 -> 0.14816794 | N83: =M83*G83 -> 0.037041986
A84: ='Fish Use'!A7 -> CC1 | B84: ='Fish Use'!B7 -> Catherine Creek | C84: ='Fish Use'!D7 -> Steelhead | D84: ='Fish Use'!E7 -> Winter Rearing | E84: ='Vulnerability Mapped'!C141 -> Decreased Sediment Quantity | F84: ='Fish Use'!F7 -> 0.4162 | G84: =Population!D7 -> 0.25 | H84: ='Limiting Factors'!C6 -> 2.95 | I84: ='Limiting Factors'!D6 -> 0.53875 | J84: ='Vulnerability Mapped'!D141 -> 12 | K84: ='Vulnerability Mapped'!E141 -> 12 | L84: ='Vulnerability Mapped'!H141 -> 0.29285714 | M84: =F84*I84*L84 -> 0.065666698 | N84: =M84*G84 -> 0.016416675
A85: ='Fish Use'!A7 -> CC1 | B85: ='Fish Use'!B7 -> Catherine Creek | C85: ='Fish Use'!D7 -> Steelhead | D85: ='Fish Use'!E7 -> Winter Rearing | E85: ='Vulnerability Mapped'!C144 -> Increased Sediment Quantity | F85: ='Fish Use'!F7 -> 0.4162 | G85: =Population!D7 -> 0.25 | H85: ='Limiting Factors'!C7 -> 4.51 | I85: ='Limiting Factors'!D7 -> 0.88975 | J85: ='Vulnerability Mapped'!D144 -> 13 | K85: ='Vulnerability Mapped'!E144 -> 13 | L85: ='Vulnerability Mapped'!H144 -> 0.22857143 | M85: =F85*I85*L85 -> 0.084643189 | N85: =M85*G85 -> 0.021160797
A86: ='Fish Use'!A7 -> CC1 | B86: ='Fish Use'!B7 -> Catherine Creek | C86: ='Fish Use'!D7 -> Steelhead | D86: ='Fish Use'!E7 -> Winter Rearing | E86: ='Vulnerability Mapped'!C149 -> Summer Water Temperature | F86: ='Fish Use'!F7 -> 0.4162 | G86: =Population!D7 -> 0.25 | H86: ='Limiting Factors'!C14 -> 4.64 | I86: ='Limiting Factors'!D14 -> 0.919 | J86: ='Vulnerability Mapped'!D149 -> 15 | K86: ='Vulnerability Mapped'!E149 -> 15 | L86: ='Vulnerability Mapped'!H149 -> 0.1 | M86: =F86*I86*L86 -> 0.03824878 | N86: =M86*G86 -> 0.009562195
A87: ='Fish Use'!A7 -> CC1 | B87: ='Fish Use'!B7 -> Catherine Creek | C87: ='Fish Use'!D7 -> Steelhead | D87: ='Fish Use'!E7 -> Winter Rearing | E87: ='Vulnerability Mapped'!C151 -> Winter Water Temperature | F87: ='Fish Use'!F7 -> 0.4162 | G87: =Population!D7 -> 0.25 | H87: ='Limiting Factors'!C15 -> 3.91 | I87: ='Limiting Factors'!D15 -> 0.75475 | J87: ='Vulnerability Mapped'!D151 -> 1 | K87: ='Vulnerability Mapped'!E151 -> 1 | L87: ='Vulnerability Mapped'!H151 -> 1 | M87: =F87*I87*L87 -> 0.31412695 | N87: =M87*G87 -> 0.078531738
A88: ='Fish Use'!A7 -> CC1 | B88: ='Fish Use'!B7 -> Catherine Creek | C88: ='Fish Use'!D7 -> Steelhead | D88: ='Fish Use'!E7 -> Winter Rearing | E88: ='Vulnerability Mapped'!C150 -> Water Quality | F88: ='Fish Use'!F7 -> 0.4162 | G88: =Population!D7 -> 0.25 | H88: ='Limiting Factors'!C16 -> 5 | I88: ='Limiting Factors'!D16 -> 1 | J88: ='Vulnerability Mapped'!D150 -> 6 | K88: ='Vulnerability Mapped'!E150 -> 6 | L88: ='Vulnerability Mapped'!H150 -> 0.67857143 | M88: =F88*I88*L88 -> 0.28242143 | N88: =M88*G88 -> 0.070605357
A89: ='Fish Use'!A7 -> CC1 | B89: ='Fish Use'!B7 -> Catherine Creek | C89: ='Fish Use'!D7 -> Steelhead | D89: ='Fish Use'!E7 -> Winter Rearing | E89: ='Vulnerability Mapped'!C146 -> Predation | F89: ='Fish Use'!F7 -> 0.4162 | G89: =Population!D7 -> 0.25 | H89: ='Limiting Factors'!C9 -> 4.22 | I89: ='Limiting Factors'!D9 -> 0.8245 | J89: ='Vulnerability Mapped'!D146 -> 9 | K89: ='Vulnerability Mapped'!E146 -> 9 | L89: ='Vulnerability Mapped'!H146 -> 0.48571429 | M89: =F89*I89*L89 -> 0.16667621 | N89: =M89*G89 -> 0.041669052
A90: ='Fish Use'!A7 -> CC1 | B90: ='Fish Use'!B7 -> Catherine Creek | C90: ='Fish Use'!D7 -> Steelhead | D90: ='Fish Use'!E7 -> Winter Rearing | E90: ='Vulnerability Mapped'!C138 -> Altered Primary Productivity | F90: ='Fish Use'!F7 -> 0.4162 | G90: =Population!D7 -> 0.25 | H90: ='Limiting Factors'!C10 -> 4.31 | I90: ='Limiting Factors'!D10 -> 0.84475 | J90: ='Vulnerability Mapped'!D138 -> 8 | K90: ='Vulnerability Mapped'!E138 -> 8 | L90: ='Vulnerability Mapped'!H138 -> 0.55 | M90: =F90*I90*L90 -> 0.19337172 | N90: =M90*G90 -> 0.048342931
A91: ='Fish Use'!A7 -> CC1 | B91: ='Fish Use'!B7 -> Catherine Creek | C91: ='Fish Use'!D7 -> Steelhead | D91: ='Fish Use'!E7 -> Winter Rearing | E91: ='Vulnerability Mapped'!C145 -> Non-Native Species Interactions and Competition | F91: ='Fish Use'!F7 -> 0.4162 | G91: =Population!D7 -> 0.25 | H91: ='Limiting Factors'!C11 -> 4.64 | I91: ='Limiting Factors'!D11 -> 0.919 | J91: ='Vulnerability Mapped'!D145 -> 11 | K91: ='Vulnerability Mapped'!E145 -> 11 | L91: ='Vulnerability Mapped'!H145 -> 0.35714286 | M91: =F91*I91*L91 -> 0.13660279 | N91: =M91*G91 -> 0.034150696
A92: ='Fish Use'!A8 -> CC1 | B92: ='Fish Use'!B8 -> Catherine Creek | C92: ='Fish Use'!D8 -> Steelhead | D92: ='Fish Use'!E8 -> Summer Rearing | E92: ='Vulnerability Mapped'!C124 -> Anthropogenic Barriers | F92: ='Fish Use'!F8 -> 0.4162 | G92: =Population!D5 -> 0.25 | H92: ='Limiting Factors'!C8 -> 3.68 | I92: ='Limiting Factors'!D8 -> 0.703 | J92: ='Vulnerability Mapped'!D124 -> 2 | K92: ='Vulnerability Mapped'!E124 -> 2 | L92: ='Vulnerability Mapped'!H124 -> 0.93571429 | M92: =F92*I92*L92 -> 0.27377933 | N92: =M92*G92 -> 0.068444833
A93: ='Fish Use'!A8 -> CC1 | B93: ='Fish Use'!B8 -> Catherine Creek | C93: ='Fish Use'!D8 -> Steelhead | D93: ='Fish Use'!E8 -> Summer Rearing | E93: ='Vulnerability Mapped'!C132 -> Riparian Condition | F93: ='Fish Use'!F8 -> 0.4162 | G93: =Population!D5 -> 0.25 | H93: ='Limiting Factors'!C2 -> 4.57 | I93: ='Limiting Factors'!D2 -> 0.90325 | J93: ='Vulnerability Mapped'!D132 -> 10 | K93: ='Vulnerability Mapped'!E132 -> 10 | L93: ='Vulnerability Mapped'!H132 -> 0.42142857 | M93: =F93*I93*L93 -> 0.15842876 | N93: =M93*G93 -> 0.03960719
A94: ='Fish Use'!A8 -> CC1 | B94: ='Fish Use'!B8 -> Catherine Creek | C94: ='Fish Use'!D8 -> Steelhead | D94: ='Fish Use'!E8 -> Summer Rearing | E94: ='Vulnerability Mapped'!C128 -> Floodplain Condition | F94: ='Fish Use'!F8 -> 0.4162 | G94: =Population!D5 -> 0.25 | H94: ='Limiting Factors'!C3 -> 4.78 | I94: ='Limiting Factors'!D3 -> 0.9505 | J94: ='Vulnerability Mapped'!D128 -> 11 | K94: ='Vulnerability Mapped'!E128 -> 11 | L94: ='Vulnerability Mapped'!H128 -> 0.35714286 | M94: =F94*I94*L94 -> 0.14128504 | N94: =M94*G94 -> 0.035321259
A95: ='Fish Use'!A8 -> CC1 | B95: ='Fish Use'!B8 -> Catherine Creek | C95: ='Fish Use'!D8 -> Steelhead | D95: ='Fish Use'!E8 -> Summer Rearing | E95: ='Vulnerability Mapped'!C133 -> Side Channel and Wetland Habitat | F95: ='Fish Use'!F8 -> 0.4162 | G95: =Population!D5 -> 0.25 | H95: ='Limiting Factors'!C4 -> 4.08 | I95: ='Limiting Factors'!D4 -> 0.793 | J95: ='Vulnerability Mapped'!D133 -> 4 | K95: ='Vulnerability Mapped'!E133 -> 4 | L95: ='Vulnerability Mapped'!H133 -> 0.80714286 | M95: =F95*I95*L95 -> 0.26639476 | N95: =M95*G95 -> 0.066598689
A96: ='Fish Use'!A8 -> CC1 | B96: ='Fish Use'!B8 -> Catherine Creek | C96: ='Fish Use'!D8 -> Steelhead | D96: ='Fish Use'!E8 -> Summer Rearing | E96: ='Vulnerability Mapped'!C125 -> Channel and Habitat Structure | F96: ='Fish Use'!F8 -> 0.4162 | G96: =Population!D5 -> 0.25 | H96: ='Limiting Factors'!C5 -> 4.57 | I96: ='Limiting Factors'!D5 -> 0.90325 | J96: ='Vulnerability Mapped'!D125 -> 3 | K96: ='Vulnerability Mapped'!E125 -> 3 | L96: ='Vulnerability Mapped'!H125 -> 0.87142857 | M96: =F96*I96*L96 -> 0.32759845 | N96: =M96*G96 -> 0.081899613
A97: ='Fish Use'!A8 -> CC1 | B97: ='Fish Use'!B8 -> Catherine Creek | C97: ='Fish Use'!D8 -> Steelhead | D97: ='Fish Use'!E8 -> Summer Rearing | E97: ='Vulnerability Mapped'!C127 -> Decreased Water Quantity | F97: ='Fish Use'!F8 -> 0.4162 | G97: =Population!D5 -> 0.25 | H97: ='Limiting Factors'!C12 -> 5 | I97: ='Limiting Factors'!D12 -> 1 | J97: ='Vulnerability Mapped'!D127 -> 5 | K97: ='Vulnerability Mapped'!E127 -> 5 | L97: ='Vulnerability Mapped'!H127 -> 0.74285714 | M97: =F97*I97*L97 -> 0.30917714 | N97: =M97*G97 -> 0.077294286
A98: ='Fish Use'!A8 -> CC1 | B98: ='Fish Use'!B8 -> Catherine Creek | C98: ='Fish Use'!D8 -> Steelhead | D98: ='Fish Use'!E8 -> Summer Rearing | E98: ='Vulnerability Mapped'!C122 -> Altered Flow Timing | F98: ='Fish Use'!F8 -> 0.4162 | G98: =Population!D5 -> 0.25 | H98: ='Limiting Factors'!C13 -> 4.31 | I98: ='Limiting Factors'!D13 -> 0.84475 | J98: ='Vulnerability Mapped'!D122 -> 7 | K98: ='Vulnerability Mapped'!E122 -> 7 | L98: ='Vulnerability Mapped'!H122 -> 0.61428571 | M98: =F98*I98*L98 -> 0.21597361 | N98: =M98*G98 -> 0.053993403
A99: ='Fish Use'!A8 -> CC1 | B99: ='Fish Use'!B8 -> Catherine Creek | C99: ='Fish Use'!D8 -> Steelhead | D99: ='Fish Use'!E8 -> Summer Rearing | E99: ='Vulnerability Mapped'!C126 -> Decreased Sediment Quantity | F99: ='Fish Use'!F8 -> 0.4162 | G99: =Population!D5 -> 0.25 | H99: ='Limiting Factors'!C6 -> 2.95 | I99: ='Limiting Factors'!D6 -> 0.53875 | J99: ='Vulnerability Mapped'!D126 -> 13 | K99: ='Vulnerability Mapped'!E126 -> 13 | L99: ='Vulnerability Mapped'!H126 -> 0.22857143 | M99: =F99*I99*L99 -> 0.051252057 | N99: =M99*G99 -> 0.012813014
A100: ='Fish Use'!A8 -> CC1 | B100: ='Fish Use'!B8 -> Catherine Creek | C100: ='Fish Use'!D8 -> Steelhead | D100: ='Fish Use'!E8 -> Summer Rearing | E100: ='Vulnerability Mapped'!C129 -> Increased Sediment Quantity | F100: ='Fish Use'!F8 -> 0.4162 | G100: =Population!D5 -> 0.25 | H100: ='Limiting Factors'!C7 -> 4.51 | I100: ='Limiting Factors'!D7 -> 0.88975 | J100: ='Vulnerability Mapped'!D129 -> 14 | K100: ='Vulnerability Mapped'!E129 -> 14 | L100: ='Vulnerability Mapped'!H129 -> 0.16428571 | M100: =F100*I100*L100 -> 0.060837292 | N100: =M100*G100 -> 0.015209323
...

Sheet Life Stage Scores
A1: bsr | B1: basin | C1: species | D1: life_stage | E1: fish_use_score | F1: population_priority | G1: impact_score | H1: risk_score | I1: risk_rank_within_bsr | J1: priority_label
A2: ='Fish Use'!A11 -> CC1 | B2: ='Fish Use'!B11 -> Catherine Creek | C2: ='Fish Use'!D11 -> Bull Trout | D2: ='Fish Use'!E11 -> FMO | E2: ='Fish Use'!F11 -> 0.4162 | F2: =Population!D19 -> 0.4 | G2: =SUM('L1 Calculation Grid'!$M$137:$M$151) -> 3.0097124 | H2: =SUM('L1 Calculation Grid'!$N$137:$N$151) -> 1.203885 | I2: =1+IF($H$2>H2,1,0)+IF(AND($H$3>H2,COUNTIF($H$2:$H$2,$H$3)=0),1,0)+IF(AND($H$4>H2,COUNTIF($H$2:$H$3,$H$4)=0),1,0)+IF(AND($H$5>H2,COUNTIF($H$2:$H$4,$H$5)=0),1,0)+IF(AND($H$6>H2,COUNTIF($H$2:$H$5,$H$6)=0),1,0)+IF(AND($H$7>H2,COUNTIF($H$2:$H$6,$H$7)=0),1,0)+IF(AND($H$8>H2,COUNTIF($H$2:$H$7,$H$8)=0),1,0)+IF(AND($H$9>H2,COUNTIF($H$2:$H$8,$H$9)=0),1,0)+IF(AND($H$10>H2,COUNTIF($H$2:$H$9,$H$10)=0),1,0)+IF(AND($H$11>H2,COUNTIF($H$2:$H$10,$H$11)=0),1,0) -> 2 | J2: =C2&" | "&D2 -> Bull Trout | FMO
A3: ='Fish Use'!A10 -> CC1 | B3: ='Fish Use'!B10 -> Catherine Creek | C3: ='Fish Use'!D10 -> Bull Trout | D3: ='Fish Use'!E10 -> Spawning & Resident | E3: ='Fish Use'!F10 -> 0.4162 | F3: =Population!D18 -> 0.6 | G3: =SUM('L1 Calculation Grid'!$M$122:$M$136) -> 2.9239269 | H3: =SUM('L1 Calculation Grid'!$N$122:$N$136) -> 1.7543561 | I3: =1+IF($H$2>H3,1,0)+IF(AND($H$3>H3,COUNTIF($H$2:$H$2,$H$3)=0),1,0)+IF(AND($H$4>H3,COUNTIF($H$2:$H$3,$H$4)=0),1,0)+IF(AND($H$5>H3,COUNTIF($H$2:$H$4,$H$5)=0),1,0)+IF(AND($H$6>H3,COUNTIF($H$2:$H$5,$H$6)=0),1,0)+IF(AND($H$7>H3,COUNTIF($H$2:$H$6,$H$7)=0),1,0)+IF(AND($H$8>H3,COUNTIF($H$2:$H$7,$H$8)=0),1,0)+IF(AND($H$9>H3,COUNTIF($H$2:$H$8,$H$9)=0),1,0)+IF(AND($H$10>H3,COUNTIF($H$2:$H$9,$H$10)=0),1,0)+IF(AND($H$11>H3,COUNTIF($H$2:$H$10,$H$11)=0),1,0) -> 1 | J3: =C3&" | "&D3 -> Bull Trout | Spawning & Resident
A4: ='Fish Use'!A5 -> CC1 | B4: ='Fish Use'!B5 -> Catherine Creek | C4: ='Fish Use'!D5 -> Chinook | D4: ='Fish Use'!E5 -> Migration | E4: ='Fish Use'!F5 -> 0.4162 | F4: =Population!D8 -> 0.3 | G4: =SUM('L1 Calculation Grid'!$M$47:$M$61) -> 3.7104579 | H4: =SUM('L1 Calculation Grid'!$N$47:$N$61) -> 1.1131374 | I4: =1+IF($H$2>H4,1,0)+IF(AND($H$3>H4,COUNTIF($H$2:$H$2,$H$3)=0),1,0)+IF(AND($H$4>H4,COUNTIF($H$2:$H$3,$H$4)=0),1,0)+IF(AND($H$5>H4,COUNTIF($H$2:$H$4,$H$5)=0),1,0)+IF(AND($H$6>H4,COUNTIF($H$2:$H$5,$H$6)=0),1,0)+IF(AND($H$7>H4,COUNTIF($H$2:$H$6,$H$7)=0),1,0)+IF(AND($H$8>H4,COUNTIF($H$2:$H$7,$H$8)=0),1,0)+IF(AND($H$9>H4,COUNTIF($H$2:$H$8,$H$9)=0),1,0)+IF(AND($H$10>H4,COUNTIF($H$2:$H$9,$H$10)=0),1,0)+IF(AND($H$11>H4,COUNTIF($H$2:$H$10,$H$11)=0),1,0) -> 3 | J4: =C4&" | "&D4 -> Chinook | Migration
A5: ='Fish Use'!A2 -> CC1 | B5: ='Fish Use'!B2 -> Catherine Creek | C5: ='Fish Use'!D2 -> Chinook | D5: ='Fish Use'!E2 -> Spawning | E5: ='Fish Use'!F2 -> 0.4162 | F5: =Population!D2 -> 0.12 | G5: =SUM('L1 Calculation Grid'!$M$2:$M$16) -> 2.9322947 | H5: =SUM('L1 Calculation Grid'!$N$2:$N$16) -> 0.35187537 | I5: =1+IF($H$2>H5,1,0)+IF(AND($H$3>H5,COUNTIF($H$2:$H$2,$H$3)=0),1,0)+IF(AND($H$4>H5,COUNTIF($H$2:$H$3,$H$4)=0),1,0)+IF(AND($H$5>H5,COUNTIF($H$2:$H$4,$H$5)=0),1,0)+IF(AND($H$6>H5,COUNTIF($H$2:$H$5,$H$6)=0),1,0)+IF(AND($H$7>H5,COUNTIF($H$2:$H$6,$H$7)=0),1,0)+IF(AND($H$8>H5,COUNTIF($H$2:$H$7,$H$8)=0),1,0)+IF(AND($H$9>H5,COUNTIF($H$2:$H$8,$H$9)=0),1,0)+IF(AND($H$10>H5,COUNTIF($H$2:$H$9,$H$10)=0),1,0)+IF(AND($H$11>H5,COUNTIF($H$2:$H$10,$H$11)=0),1,0) -> 10 | J5: =C5&" | "&D5 -> Chinook | Spawning
A6: ='Fish Use'!A4 -> CC1 | B6: ='Fish Use'!B4 -> Catherine Creek | C6: ='Fish Use'!D4 -> Chinook | D6: ='Fish Use'!E4 -> Summer Rearing | E6: ='Fish Use'!F4 -> 0.4162 | F6: =Population!D4 -> 0.21 | G6: =SUM('L1 Calculation Grid'!$M$32:$M$46) -> 2.9986957 | H6: =SUM('L1 Calculation Grid'!$N$32:$N$46) -> 0.6297261 | I6: =1+IF($H$2>H6,1,0)+IF(AND($H$3>H6,COUNTIF($H$2:$H$2,$H$3)=0),1,0)+IF(AND($H$4>H6,COUNTIF($H$2:$H$3,$H$4)=0),1,0)+IF(AND($H$5>H6,COUNTIF($H$2:$H$4,$H$5)=0),1,0)+IF(AND($H$6>H6,COUNTIF($H$2:$H$5,$H$6)=0),1,0)+IF(AND($H$7>H6,COUNTIF($H$2:$H$6,$H$7)=0),1,0)+IF(AND($H$8>H6,COUNTIF($H$2:$H$7,$H$8)=0),1,0)+IF(AND($H$9>H6,COUNTIF($H$2:$H$8,$H$9)=0),1,0)+IF(AND($H$10>H6,COUNTIF($H$2:$H$9,$H$10)=0),1,0)+IF(AND($H$11>H6,COUNTIF($H$2:$H$10,$H$11)=0),1,0) -> 9 | J6: =C6&" | "&D6 -> Chinook | Summer Rearing
A7: ='Fish Use'!A3 -> CC1 | B7: ='Fish Use'!B3 -> Catherine Creek | C7: ='Fish Use'!D3 -> Chinook | D7: ='Fish Use'!E3 -> Winter Rearing | E7: ='Fish Use'!F3 -> 0.4162 | F7: =Population!D6 -> 0.36 | G7: =SUM('L1 Calculation Grid'!$M$17:$M$31) -> 2.853138 | H7: =SUM('L1 Calculation Grid'!$N$17:$N$31) -> 1.0271297 | I7: =1+IF($H$2>H7,1,0)+IF(AND($H$3>H7,COUNTIF($H$2:$H$2,$H$3)=0),1,0)+IF(AND($H$4>H7,COUNTIF($H$2:$H$3,$H$4)=0),1,0)+IF(AND($H$5>H7,COUNTIF($H$2:$H$4,$H$5)=0),1,0)+IF(AND($H$6>H7,COUNTIF($H$2:$H$5,$H$6)=0),1,0)+IF(AND($H$7>H7,COUNTIF($H$2:$H$6,$H$7)=0),1,0)+IF(AND($H$8>H7,COUNTIF($H$2:$H$7,$H$8)=0),1,0)+IF(AND($H$9>H7,COUNTIF($H$2:$H$8,$H$9)=0),1,0)+IF(AND($H$10>H7,COUNTIF($H$2:$H$9,$H$10)=0),1,0)+IF(AND($H$11>H7,COUNTIF($H$2:$H$10,$H$11)=0),1,0) -> 4 | J7: =C7&" | "&D7 -> Chinook | Winter Rearing
A8: ='Fish Use'!A9 -> CC1 | B8: ='Fish Use'!B9 -> Catherine Creek | C8: ='Fish Use'!D9 -> Steelhead | D8: ='Fish Use'!E9 -> Migration | E8: ='Fish Use'!F9 -> 0.4162 | F8: =Population!D9 -> 0.25 | G8: =SUM('L1 Calculation Grid'!$M$107:$M$121) -> 3.4164126 | H8: =SUM('L1 Calculation Grid'!$N$107:$N$121) -> 0.85410316 | I8: =1+IF($H$2>H8,1,0)+IF(AND($H$3>H8,COUNTIF($H$2:$H$2,$H$3)=0),1,0)+IF(AND($H$4>H8,COUNTIF($H$2:$H$3,$H$4)=0),1,0)+IF(AND($H$5>H8,COUNTIF($H$2:$H$4,$H$5)=0),1,0)+IF(AND($H$6>H8,COUNTIF($H$2:$H$5,$H$6)=0),1,0)+IF(AND($H$7>H8,COUNTIF($H$2:$H$6,$H$7)=0),1,0)+IF(AND($H$8>H8,COUNTIF($H$2:$H$7,$H$8)=0),1,0)+IF(AND($H$9>H8,COUNTIF($H$2:$H$8,$H$9)=0),1,0)+IF(AND($H$10>H8,COUNTIF($H$2:$H$9,$H$10)=0),1,0)+IF(AND($H$11>H8,COUNTIF($H$2:$H$10,$H$11)=0),1,0) -> 5 | J8: =C8&" | "&D8 -> Steelhead | Migration
A9: ='Fish Use'!A6 -> CC1 | B9: ='Fish Use'!B6 -> Catherine Creek | C9: ='Fish Use'!D6 -> Steelhead | D9: ='Fish Use'!E6 -> Spawning | E9: ='Fish Use'!F6 -> 0.4162 | F9: =Population!D3 -> 0.25 | G9: =SUM('L1 Calculation Grid'!$M$62:$M$76) -> 2.9179671 | H9: =SUM('L1 Calculation Grid'!$N$62:$N$76) -> 0.72949176 | I9: =1+IF($H$2>H9,1,0)+IF(AND($H$3>H9,COUNTIF($H$2:$H$2,$H$3)=0),1,0)+IF(AND($H$4>H9,COUNTIF($H$2:$H$3,$H$4)=0),1,0)+IF(AND($H$5>H9,COUNTIF($H$2:$H$4,$H$5)=0),1,0)+IF(AND($H$6>H9,COUNTIF($H$2:$H$5,$H$6)=0),1,0)+IF(AND($H$7>H9,COUNTIF($H$2:$H$6,$H$7)=0),1,0)+IF(AND($H$8>H9,COUNTIF($H$2:$H$7,$H$8)=0),1,0)+IF(AND($H$9>H9,COUNTIF($H$2:$H$8,$H$9)=0),1,0)+IF(AND($H$10>H9,COUNTIF($H$2:$H$9,$H$10)=0),1,0)+IF(AND($H$11>H9,COUNTIF($H$2:$H$10,$H$11)=0),1,0) -> 8 | J9: =C9&" | "&D9 -> Steelhead | Spawning
A10: ='Fish Use'!A8 -> CC1 | B10: ='Fish Use'!B8 -> Catherine Creek | C10: ='Fish Use'!D8 -> Steelhead | D10: ='Fish Use'!E8 -> Summer Rearing | E10: ='Fish Use'!F8 -> 0.4162 | F10: =Population!D5 -> 0.25 | G10: =SUM('L1 Calculation Grid'!$M$92:$M$106) -> 2.9731106 | H10: =SUM('L1 Calculation Grid'!$N$92:$N$106) -> 0.74327764 | I10: =1+IF($H$2>H10,1,0)+IF(AND($H$3>H10,COUNTIF($H$2:$H$2,$H$3)=0),1,0)+IF(AND($H$4>H10,COUNTIF($H$2:$H$3,$H$4)=0),1,0)+IF(AND($H$5>H10,COUNTIF($H$2:$H$4,$H$5)=0),1,0)+IF(AND($H$6>H10,COUNTIF($H$2:$H$5,$H$6)=0),1,0)+IF(AND($H$7>H10,COUNTIF($H$2:$H$6,$H$7)=0),1,0)+IF(AND($H$8>H10,COUNTIF($H$2:$H$7,$H$8)=0),1,0)+IF(AND($H$9>H10,COUNTIF($H$2:$H$8,$H$9)=0),1,0)+IF(AND($H$10>H10,COUNTIF($H$2:$H$9,$H$10)=0),1,0)+IF(AND($H$11>H10,COUNTIF($H$2:$H$10,$H$11)=0),1,0) -> 6 | J10: =C10&" | "&D10 -> Steelhead | Summer Rearing
A11: ='Fish Use'!A7 -> CC1 | B11: ='Fish Use'!B7 -> Catherine Creek | C11: ='Fish Use'!D7 -> Steelhead | D11: ='Fish Use'!E7 -> Winter Rearing | E11: ='Fish Use'!F7 -> 0.4162 | F11: =Population!D7 -> 0.25 | G11: =SUM('L1 Calculation Grid'!$M$77:$M$91) -> 2.9716056 | H11: =SUM('L1 Calculation Grid'!$N$77:$N$91) -> 0.74290139 | I11: =1+IF($H$2>H11,1,0)+IF(AND($H$3>H11,COUNTIF($H$2:$H$2,$H$3)=0),1,0)+IF(AND($H$4>H11,COUNTIF($H$2:$H$3,$H$4)=0),1,0)+IF(AND($H$5>H11,COUNTIF($H$2:$H$4,$H$5)=0),1,0)+IF(AND($H$6>H11,COUNTIF($H$2:$H$5,$H$6)=0),1,0)+IF(AND($H$7>H11,COUNTIF($H$2:$H$6,$H$7)=0),1,0)+IF(AND($H$8>H11,COUNTIF($H$2:$H$7,$H$8)=0),1,0)+IF(AND($H$9>H11,COUNTIF($H$2:$H$8,$H$9)=0),1,0)+IF(AND($H$10>H11,COUNTIF($H$2:$H$9,$H$10)=0),1,0)+IF(AND($H$11>H11,COUNTIF($H$2:$H$10,$H$11)=0),1,0) -> 7 | J11: =C11&" | "&D11 -> Steelhead | Winter Rearing
A12: ='Fish Use'!A21 -> CC2 | B12: ='Fish Use'!B21 -> Catherine Creek | C12: ='Fish Use'!D21 -> Bull Trout | D12: ='Fish Use'!E21 -> FMO | E12: ='Fish Use'!F21 -> 0.2803 | F12: =Population!D19 -> 0.4 | G12: =SUM('L1 Calculation Grid'!$M$287:$M$301) -> 1.840167 | H12: =SUM('L1 Calculation Grid'!$N$287:$N$301) -> 0.7360668 | I12: =1+IF($H$12>H12,1,0)+IF(AND($H$13>H12,COUNTIF($H$12:$H$12,$H$13)=0),1,0)+IF(AND($H$14>H12,COUNTIF($H$12:$H$13,$H$14)=0),1,0)+IF(AND($H$15>H12,COUNTIF($H$12:$H$14,$H$15)=0),1,0)+IF(AND($H$16>H12,COUNTIF($H$12:$H$15,$H$16)=0),1,0)+IF(AND($H$17>H12,COUNTIF($H$12:$H$16,$H$17)=0),1,0)+IF(AND($H$18>H12,COUNTIF($H$12:$H$17,$H$18)=0),1,0)+IF(AND($H$19>H12,COUNTIF($H$12:$H$18,$H$19)=0),1,0)+IF(AND($H$20>H12,COUNTIF($H$12:$H$19,$H$20)=0),1,0)+IF(AND($H$21>H12,COUNTIF($H$12:$H$20,$H$21)=0),1,0) -> 2 | J12: =C12&" | "&D12 -> Bull Trout | FMO
A13: ='Fish Use'!A20 -> CC2 | B13: ='Fish Use'!B20 -> Catherine Creek | C13: ='Fish Use'!D20 -> Bull Trout | D13: ='Fish Use'!E20 -> Spawning & Resident | E13: ='Fish Use'!F20 -> 0.2803 | F13: =Population!D18 -> 0.6 | G13: =SUM('L1 Calculation Grid'!$M$272:$M$286) -> 1.7428223 | H13: =SUM('L1 Calculation Grid'!$N$272:$N$286) -> 1.0456934 | I13: =1+IF($H$12>H13,1,0)+IF(AND($H$13>H13,COUNTIF($H$12:$H$12,$H$13)=0),1,0)+IF(AND($H$14>H13,COUNTIF($H$12:$H$13,$H$14)=0),1,0)+IF(AND($H$15>H13,COUNTIF($H$12:$H$14,$H$15)=0),1,0)+IF(AND($H$16>H13,COUNTIF($H$12:$H$15,$H$16)=0),1,0)+IF(AND($H$17>H13,COUNTIF($H$12:$H$16,$H$17)=0),1,0)+IF(AND($H$18>H13,COUNTIF($H$12:$H$17,$H$18)=0),1,0)+IF(AND($H$19>H13,COUNTIF($H$12:$H$18,$H$19)=0),1,0)+IF(AND($H$20>H13,COUNTIF($H$12:$H$19,$H$20)=0),1,0)+IF(AND($H$21>H13,COUNTIF($H$12:$H$20,$H$21)=0),1,0) -> 1 | J13: =C13&" | "&D13 -> Bull Trout | Spawning & Resident
A14: ='Fish Use'!A15 -> CC2 | B14: ='Fish Use'!B15 -> Catherine Creek | C14: ='Fish Use'!D15 -> Chinook | D14: ='Fish Use'!E15 -> Migration | E14: ='Fish Use'!F15 -> 0.2803 | F14: =Population!D8 -> 0.3 | G14: =SUM('L1 Calculation Grid'!$M$197:$M$211) -> 2.3103983 | H14: =SUM('L1 Calculation Grid'!$N$197:$N$211) -> 0.69311948 | I14: =1+IF($H$12>H14,1,0)+IF(AND($H$13>H14,COUNTIF($H$12:$H$12,$H$13)=0),1,0)+IF(AND($H$14>H14,COUNTIF($H$12:$H$13,$H$14)=0),1,0)+IF(AND($H$15>H14,COUNTIF($H$12:$H$14,$H$15)=0),1,0)+IF(AND($H$16>H14,COUNTIF($H$12:$H$15,$H$16)=0),1,0)+IF(AND($H$17>H14,COUNTIF($H$12:$H$16,$H$17)=0),1,0)+IF(AND($H$18>H14,COUNTIF($H$12:$H$17,$H$18)=0),1,0)+IF(AND($H$19>H14,COUNTIF($H$12:$H$18,$H$19)=0),1,0)+IF(AND($H$20>H14,COUNTIF($H$12:$H$19,$H$20)=0),1,0)+IF(AND($H$21>H14,COUNTIF($H$12:$H$20,$H$21)=0),1,0) -> 3 | J14: =C14&" | "&D14 -> Chinook | Migration
A15: ='Fish Use'!A12 -> CC2 | B15: ='Fish Use'!B12 -> Catherine Creek | C15: ='Fish Use'!D12 -> Chinook | D15: ='Fish Use'!E12 -> Spawning | E15: ='Fish Use'!F12 -> 0.2803 | F15: =Population!D2 -> 0.12 | G15: =SUM('L1 Calculation Grid'!$M$152:$M$166) -> 1.7577423 | H15: =SUM('L1 Calculation Grid'!$N$152:$N$166) -> 0.21092907 | I15: =1+IF($H$12>H15,1,0)+IF(AND($H$13>H15,COUNTIF($H$12:$H$12,$H$13)=0),1,0)+IF(AND($H$14>H15,COUNTIF($H$12:$H$13,$H$14)=0),1,0)+IF(AND($H$15>H15,COUNTIF($H$12:$H$14,$H$15)=0),1,0)+IF(AND($H$16>H15,COUNTIF($H$12:$H$15,$H$16)=0),1,0)+IF(AND($H$17>H15,COUNTIF($H$12:$H$16,$H$17)=0),1,0)+IF(AND($H$18>H15,COUNTIF($H$12:$H$17,$H$18)=0),1,0)+IF(AND($H$19>H15,COUNTIF($H$12:$H$18,$H$19)=0),1,0)+IF(AND($H$20>H15,COUNTIF($H$12:$H$19,$H$20)=0),1,0)+IF(AND($H$21>H15,COUNTIF($H$12:$H$20,$H$21)=0),1,0) -> 10 | J15: =C15&" | "&D15 -> Chinook | Spawning
A16: ='Fish Use'!A14 -> CC2 | B16: ='Fish Use'!B14 -> Catherine Creek | C16: ='Fish Use'!D14 -> Chinook | D16: ='Fish Use'!E14 -> Summer Rearing | E16: ='Fish Use'!F14 -> 0.2803 | F16: =Population!D4 -> 0.21 | G16: =SUM('L1 Calculation Grid'!$M$182:$M$196) -> 1.8299095 | H16: =SUM('L1 Calculation Grid'!$N$182:$N$196) -> 0.384281 | I16: =1+IF($H$12>H16,1,0)+IF(AND($H$13>H16,COUNTIF($H$12:$H$12,$H$13)=0),1,0)+IF(AND($H$14>H16,COUNTIF($H$12:$H$13,$H$14)=0),1,0)+IF(AND($H$15>H16,COUNTIF($H$12:$H$14,$H$15)=0),1,0)+IF(AND($H$16>H16,COUNTIF($H$12:$H$15,$H$16)=0),1,0)+IF(AND($H$17>H16,COUNTIF($H$12:$H$16,$H$17)=0),1,0)+IF(AND($H$18>H16,COUNTIF($H$12:$H$17,$H$18)=0),1,0)+IF(AND($H$19>H16,COUNTIF($H$12:$H$18,$H$19)=0),1,0)+IF(AND($H$20>H16,COUNTIF($H$12:$H$19,$H$20)=0),1,0)+IF(AND($H$21>H16,COUNTIF($H$12:$H$20,$H$21)=0),1,0) -> 9 | J16: =C16&" | "&D16 -> Chinook | Summer Rearing
A17: ='Fish Use'!A13 -> CC2 | B17: ='Fish Use'!B13 -> Catherine Creek | C17: ='Fish Use'!D13 -> Chinook | D17: ='Fish Use'!E13 -> Winter Rearing | E17: ='Fish Use'!F13 -> 0.2803 | F17: =Population!D6 -> 0.36 | G17: =SUM('L1 Calculation Grid'!$M$167:$M$181) -> 1.7612741 | H17: =SUM('L1 Calculation Grid'!$N$167:$N$181) -> 0.63405866 | I17: =1+IF($H$12>H17,1,0)+IF(AND($H$13>H17,COUNTIF($H$12:$H$12,$H$13)=0),1,0)+IF(AND($H$14>H17,COUNTIF($H$12:$H$13,$H$14)=0),1,0)+IF(AND($H$15>H17,COUNTIF($H$12:$H$14,$H$15)=0),1,0)+IF(AND($H$16>H17,COUNTIF($H$12:$H$15,$H$16)=0),1,0)+IF(AND($H$17>H17,COUNTIF($H$12:$H$16,$H$17)=0),1,0)+IF(AND($H$18>H17,COUNTIF($H$12:$H$17,$H$18)=0),1,0)+IF(AND($H$19>H17,COUNTIF($H$12:$H$18,$H$19)=0),1,0)+IF(AND($H$20>H17,COUNTIF($H$12:$H$19,$H$20)=0),1,0)+IF(AND($H$21>H17,COUNTIF($H$12:$H$20,$H$21)=0),1,0) -> 4 | J17: =C17&" | "&D17 -> Chinook | Winter Rearing
A18: ='Fish Use'!A19 -> CC2 | B18: ='Fish Use'!B19 -> Catherine Creek | C18: ='Fish Use'!D19 -> Steelhead | D18: ='Fish Use'!E19 -> Migration | E18: ='Fish Use'!F19 -> 0.2803 | F18: =Population!D9 -> 0.25 | G18: =SUM('L1 Calculation Grid'!$M$257:$M$271) -> 2.1903313 | H18: =SUM('L1 Calculation Grid'!$N$257:$N$271) -> 0.54758282 | I18: =1+IF($H$12>H18,1,0)+IF(AND($H$13>H18,COUNTIF($H$12:$H$12,$H$13)=0),1,0)+IF(AND($H$14>H18,COUNTIF($H$12:$H$13,$H$14)=0),1,0)+IF(AND($H$15>H18,COUNTIF($H$12:$H$14,$H$15)=0),1,0)+IF(AND($H$16>H18,COUNTIF($H$12:$H$15,$H$16)=0),1,0)+IF(AND($H$17>H18,COUNTIF($H$12:$H$16,$H$17)=0),1,0)+IF(AND($H$18>H18,COUNTIF($H$12:$H$17,$H$18)=0),1,0)+IF(AND($H$19>H18,COUNTIF($H$12:$H$18,$H$19)=0),1,0)+IF(AND($H$20>H18,COUNTIF($H$12:$H$19,$H$20)=0),1,0)+IF(AND($H$21>H18,COUNTIF($H$12:$H$20,$H$21)=0),1,0) -> 5 | J18: =C18&" | "&D18 -> Steelhead | Migration
A19: ='Fish Use'!A16 -> CC2 | B19: ='Fish Use'!B16 -> Catherine Creek | C19: ='Fish Use'!D16 -> Steelhead | D19: ='Fish Use'!E16 -> Spawning | E19: ='Fish Use'!F16 -> 0.2803 | F19: =Population!D3 -> 0.25 | G19: =SUM('L1 Calculation Grid'!$M$212:$M$226) -> 1.7800411 | H19: =SUM('L1 Calculation Grid'!$N$212:$N$226) -> 0.44501029 | I19: =1+IF($H$12>H19,1,0)+IF(AND($H$13>H19,COUNTIF($H$12:$H$12,$H$13)=0),1,0)+IF(AND($H$14>H19,COUNTIF($H$12:$H$13,$H$14)=0),1,0)+IF(AND($H$15>H19,COUNTIF($H$12:$H$14,$H$15)=0),1,0)+IF(AND($H$16>H19,COUNTIF($H$12:$H$15,$H$16)=0),1,0)+IF(AND($H$17>H19,COUNTIF($H$12:$H$16,$H$17)=0),1,0)+IF(AND($H$18>H19,COUNTIF($H$12:$H$17,$H$18)=0),1,0)+IF(AND($H$19>H19,COUNTIF($H$12:$H$18,$H$19)=0),1,0)+IF(AND($H$20>H19,COUNTIF($H$12:$H$19,$H$20)=0),1,0)+IF(AND($H$21>H19,COUNTIF($H$12:$H$20,$H$21)=0),1,0) -> 8 | J19: =C19&" | "&D19 -> Steelhead | Spawning
A20: ='Fish Use'!A18 -> CC2 | B20: ='Fish Use'!B18 -> Catherine Creek | C20: ='Fish Use'!D18 -> Steelhead | D20: ='Fish Use'!E18 -> Summer Rearing | E20: ='Fish Use'!F18 -> 0.2803 | F20: =Population!D5 -> 0.25 | G20: =SUM('L1 Calculation Grid'!$M$242:$M$256) -> 1.86725 | H20: =SUM('L1 Calculation Grid'!$N$242:$N$256) -> 0.4668125 | I20: =1+IF($H$12>H20,1,0)+IF(AND($H$13>H20,COUNTIF($H$12:$H$12,$H$13)=0),1,0)+IF(AND($H$14>H20,COUNTIF($H$12:$H$13,$H$14)=0),1,0)+IF(AND($H$15>H20,COUNTIF($H$12:$H$14,$H$15)=0),1,0)+IF(AND($H$16>H20,COUNTIF($H$12:$H$15,$H$16)=0),1,0)+IF(AND($H$17>H20,COUNTIF($H$12:$H$16,$H$17)=0),1,0)+IF(AND($H$18>H20,COUNTIF($H$12:$H$17,$H$18)=0),1,0)+IF(AND($H$19>H20,COUNTIF($H$12:$H$18,$H$19)=0),1,0)+IF(AND($H$20>H20,COUNTIF($H$12:$H$19,$H$20)=0),1,0)+IF(AND($H$21>H20,COUNTIF($H$12:$H$20,$H$21)=0),1,0) -> 6 | J20: =C20&" | "&D20 -> Steelhead | Summer Rearing
A21: ='Fish Use'!A17 -> CC2 | B21: ='Fish Use'!B17 -> Catherine Creek | C21: ='Fish Use'!D17 -> Steelhead | D21: ='Fish Use'!E17 -> Winter Rearing | E21: ='Fish Use'!F17 -> 0.2803 | F21: =Population!D7 -> 0.25 | G21: =SUM('L1 Calculation Grid'!$M$227:$M$241) -> 1.8426807 | H21: =SUM('L1 Calculation Grid'!$N$227:$N$241) -> 0.46067017 | I21: =1+IF($H$12>H21,1,0)+IF(AND($H$13>H21,COUNTIF($H$12:$H$12,$H$13)=0),1,0)+IF(AND($H$14>H21,COUNTIF($H$12:$H$13,$H$14)=0),1,0)+IF(AND($H$15>H21,COUNTIF($H$12:$H$14,$H$15)=0),1,0)+IF(AND($H$16>H21,COUNTIF($H$12:$H$15,$H$16)=0),1,0)+IF(AND($H$17>H21,COUNTIF($H$12:$H$16,$H$17)=0),1,0)+IF(AND($H$18>H21,COUNTIF($H$12:$H$17,$H$18)=0),1,0)+IF(AND($H$19>H21,COUNTIF($H$12:$H$18,$H$19)=0),1,0)+IF(AND($H$20>H21,COUNTIF($H$12:$H$19,$H$20)=0),1,0)+IF(AND($H$21>H21,COUNTIF($H$12:$H$20,$H$21)=0),1,0) -> 7 | J21: =C21&" | "&D21 -> Steelhead | Winter Rearing
A22: ='Fish Use'!A31 -> CC3 | B22: ='Fish Use'!B31 -> Catherine Creek | C22: ='Fish Use'!D31 -> Bull Trout | D22: ='Fish Use'!E31 -> FMO | E22: ='Fish Use'!F31 -> 0.1722 | F22: =Population!D19 -> 0.4 | G22: =SUM('L1 Calculation Grid'!$M$437:$M$451) -> 0.81351308 | H22: =SUM('L1 Calculation Grid'!$N$437:$N$451) -> 0.32540523 | I22: =1+IF($H$22>H22,1,0)+IF(AND($H$23>H22,COUNTIF($H$22:$H$22,$H$23)=0),1,0)+IF(AND($H$24>H22,COUNTIF($H$22:$H$23,$H$24)=0),1,0)+IF(AND($H$25>H22,COUNTIF($H$22:$H$24,$H$25)=0),1,0)+IF(AND($H$26>H22,COUNTIF($H$22:$H$25,$H$26)=0),1,0)+IF(AND($H$27>H22,COUNTIF($H$22:$H$26,$H$27)=0),1,0)+IF(AND($H$28>H22,COUNTIF($H$22:$H$27,$H$28)=0),1,0)+IF(AND($H$29>H22,COUNTIF($H$22:$H$28,$H$29)=0),1,0)+IF(AND($H$30>H22,COUNTIF($H$22:$H$29,$H$30)=0),1,0)+IF(AND($H$31>H22,COUNTIF($H$22:$H$30,$H$31)=0),1,0) -> 2 | J22: =C22&" | "&D22 -> Bull Trout | FMO
A23: ='Fish Use'!A30 -> CC3 | B23: ='Fish Use'!B30 -> Catherine Creek | C23: ='Fish Use'!D30 -> Bull Trout | D23: ='Fish Use'!E30 -> Spawning & Resident | E23: ='Fish Use'!F30 -> 0.1722 | F23: =Population!D18 -> 0.6 | G23: =SUM('L1 Calculation Grid'!$M$422:$M$436) -> 0.79181865 | H23: =SUM('L1 Calculation Grid'!$N$422:$N$436) -> 0.47509119 | I23: =1+IF($H$22>H23,1,0)+IF(AND($H$23>H23,COUNTIF($H$22:$H$22,$H$23)=0),1,0)+IF(AND($H$24>H23,COUNTIF($H$22:$H$23,$H$24)=0),1,0)+IF(AND($H$25>H23,COUNTIF($H$22:$H$24,$H$25)=0),1,0)+IF(AND($H$26>H23,COUNTIF($H$22:$H$25,$H$26)=0),1,0)+IF(AND($H$27>H23,COUNTIF($H$22:$H$26,$H$27)=0),1,0)+IF(AND($H$28>H23,COUNTIF($H$22:$H$27,$H$28)=0),1,0)+IF(AND($H$29>H23,COUNTIF($H$22:$H$28,$H$29)=0),1,0)+IF(AND($H$30>H23,COUNTIF($H$22:$H$29,$H$30)=0),1,0)+IF(AND($H$31>H23,COUNTIF($H$22:$H$30,$H$31)=0),1,0) -> 1 | J23: =C23&" | "&D23 -> Bull Trout | Spawning & Resident
A24: ='Fish Use'!A25 -> CC3 | B24: ='Fish Use'!B25 -> Catherine Creek | C24: ='Fish Use'!D25 -> Chinook | D24: ='Fish Use'!E25 -> Migration | E24: ='Fish Use'!F25 -> 0.1722 | F24: =Population!D8 -> 0.3 | G24: =SUM('L1 Calculation Grid'!$M$347:$M$361) -> 1.0337507 | H24: =SUM('L1 Calculation Grid'!$N$347:$N$361) -> 0.31012522 | I24: =1+IF($H$22>H24,1,0)+IF(AND($H$23>H24,COUNTIF($H$22:$H$22,$H$23)=0),1,0)+IF(AND($H$24>H24,COUNTIF($H$22:$H$23,$H$24)=0),1,0)+IF(AND($H$25>H24,COUNTIF($H$22:$H$24,$H$25)=0),1,0)+IF(AND($H$26>H24,COUNTIF($H$22:$H$25,$H$26)=0),1,0)+IF(AND($H$27>H24,COUNTIF($H$22:$H$26,$H$27)=0),1,0)+IF(AND($H$28>H24,COUNTIF($H$22:$H$27,$H$28)=0),1,0)+IF(AND($H$29>H24,COUNTIF($H$22:$H$28,$H$29)=0),1,0)+IF(AND($H$30>H24,COUNTIF($H$22:$H$29,$H$30)=0),1,0)+IF(AND($H$31>H24,COUNTIF($H$22:$H$30,$H$31)=0),1,0) -> 3 | J24: =C24&" | "&D24 -> Chinook | Migration
A25: ='Fish Use'!A22 -> CC3 | B25: ='Fish Use'!B22 -> Catherine Creek | C25: ='Fish Use'!D22 -> Chinook | D25: ='Fish Use'!E22 -> Spawning | E25: ='Fish Use'!F22 -> 0.1722 | F25: =Population!D2 -> 0.12 | G25: =SUM('L1 Calculation Grid'!$M$302:$M$316) -> 0.81784699 | H25: =SUM('L1 Calculation Grid'!$N$302:$N$316) -> 0.098141638 | I25: =1+IF($H$22>H25,1,0)+IF(AND($H$23>H25,COUNTIF($H$22:$H$22,$H$23)=0),1,0)+IF(AND($H$24>H25,COUNTIF($H$22:$H$23,$H$24)=0),1,0)+IF(AND($H$25>H25,COUNTIF($H$22:$H$24,$H$25)=0),1,0)+IF(AND($H$26>H25,COUNTIF($H$22:$H$25,$H$26)=0),1,0)+IF(AND($H$27>H25,COUNTIF($H$22:$H$26,$H$27)=0),1,0)+IF(AND($H$28>H25,COUNTIF($H$22:$H$27,$H$28)=0),1,0)+IF(AND($H$29>H25,COUNTIF($H$22:$H$28,$H$29)=0),1,0)+IF(AND($H$30>H25,COUNTIF($H$22:$H$29,$H$30)=0),1,0)+IF(AND($H$31>H25,COUNTIF($H$22:$H$30,$H$31)=0),1,0) -> 10 | J25: =C25&" | "&D25 -> Chinook | Spawning
A26: ='Fish Use'!A24 -> CC3 | B26: ='Fish Use'!B24 -> Catherine Creek | C26: ='Fish Use'!D24 -> Chinook | D26: ='Fish Use'!E24 -> Summer Rearing | E26: ='Fish Use'!F24 -> 0.1722 | F26: =Population!D4 -> 0.21 | G26: =SUM('L1 Calculation Grid'!$M$332:$M$346) -> 0.8168756 | H26: =SUM('L1 Calculation Grid'!$N$332:$N$346) -> 0.17154387 | I26: =1+IF($H$22>H26,1,0)+IF(AND($H$23>H26,COUNTIF($H$22:$H$22,$H$23)=0),1,0)+IF(AND($H$24>H26,COUNTIF($H$22:$H$23,$H$24)=0),1,0)+IF(AND($H$25>H26,COUNTIF($H$22:$H$24,$H$25)=0),1,0)+IF(AND($H$26>H26,COUNTIF($H$22:$H$25,$H$26)=0),1,0)+IF(AND($H$27>H26,COUNTIF($H$22:$H$26,$H$27)=0),1,0)+IF(AND($H$28>H26,COUNTIF($H$22:$H$27,$H$28)=0),1,0)+IF(AND($H$29>H26,COUNTIF($H$22:$H$28,$H$29)=0),1,0)+IF(AND($H$30>H26,COUNTIF($H$22:$H$29,$H$30)=0),1,0)+IF(AND($H$31>H26,COUNTIF($H$22:$H$30,$H$31)=0),1,0) -> 9 | J26: =C26&" | "&D26 -> Chinook | Summer Rearing
A27: ='Fish Use'!A23 -> CC3 | B27: ='Fish Use'!B23 -> Catherine Creek | C27: ='Fish Use'!D23 -> Chinook | D27: ='Fish Use'!E23 -> Winter Rearing | E27: ='Fish Use'!F23 -> 0.1722 | F27: =Population!D6 -> 0.36 | G27: =SUM('L1 Calculation Grid'!$M$317:$M$331) -> 0.78305398 | H27: =SUM('L1 Calculation Grid'!$N$317:$N$331) -> 0.28189943 | I27: =1+IF($H$22>H27,1,0)+IF(AND($H$23>H27,COUNTIF($H$22:$H$22,$H$23)=0),1,0)+IF(AND($H$24>H27,COUNTIF($H$22:$H$23,$H$24)=0),1,0)+IF(AND($H$25>H27,COUNTIF($H$22:$H$24,$H$25)=0),1,0)+IF(AND($H$26>H27,COUNTIF($H$22:$H$25,$H$26)=0),1,0)+IF(AND($H$27>H27,COUNTIF($H$22:$H$26,$H$27)=0),1,0)+IF(AND($H$28>H27,COUNTIF($H$22:$H$27,$H$28)=0),1,0)+IF(AND($H$29>H27,COUNTIF($H$22:$H$28,$H$29)=0),1,0)+IF(AND($H$30>H27,COUNTIF($H$22:$H$29,$H$30)=0),1,0)+IF(AND($H$31>H27,COUNTIF($H$22:$H$30,$H$31)=0),1,0) -> 4 | J27: =C27&" | "&D27 -> Chinook | Winter Rearing
A28: ='Fish Use'!A29 -> CC3 | B28: ='Fish Use'!B29 -> Catherine Creek | C28: ='Fish Use'!D29 -> Steelhead | D28: ='Fish Use'!E29 -> Migration | E28: ='Fish Use'!F29 -> 0.1722 | F28: =Population!D9 -> 0.25 | G28: =SUM('L1 Calculation Grid'!$M$407:$M$421) -> 0.96168226 | H28: =SUM('L1 Calculation Grid'!$N$407:$N$421) -> 0.24042057 | I28: =1+IF($H$22>H28,1,0)+IF(AND($H$23>H28,COUNTIF($H$22:$H$22,$H$23)=0),1,0)+IF(AND($H$24>H28,COUNTIF($H$22:$H$23,$H$24)=0),1,0)+IF(AND($H$25>H28,COUNTIF($H$22:$H$24,$H$25)=0),1,0)+IF(AND($H$26>H28,COUNTIF($H$22:$H$25,$H$26)=0),1,0)+IF(AND($H$27>H28,COUNTIF($H$22:$H$26,$H$27)=0),1,0)+IF(AND($H$28>H28,COUNTIF($H$22:$H$27,$H$28)=0),1,0)+IF(AND($H$29>H28,COUNTIF($H$22:$H$28,$H$29)=0),1,0)+IF(AND($H$30>H28,COUNTIF($H$22:$H$29,$H$30)=0),1,0)+IF(AND($H$31>H28,COUNTIF($H$22:$H$30,$H$31)=0),1,0) -> 5 | J28: =C28&" | "&D28 -> Steelhead | Migration
A29: ='Fish Use'!A26 -> CC3 | B29: ='Fish Use'!B26 -> Catherine Creek | C29: ='Fish Use'!D26 -> Steelhead | D29: ='Fish Use'!E26 -> Spawning | E29: ='Fish Use'!F26 -> 0.1722 | F29: =Population!D3 -> 0.25 | G29: =SUM('L1 Calculation Grid'!$M$362:$M$376) -> 0.79122087 | H29: =SUM('L1 Calculation Grid'!$N$362:$N$376) -> 0.19780522 | I29: =1+IF($H$22>H29,1,0)+IF(AND($H$23>H29,COUNTIF($H$22:$H$22,$H$23)=0),1,0)+IF(AND($H$24>H29,COUNTIF($H$22:$H$23,$H$24)=0),1,0)+IF(AND($H$25>H29,COUNTIF($H$22:$H$24,$H$25)=0),1,0)+IF(AND($H$26>H29,COUNTIF($H$22:$H$25,$H$26)=0),1,0)+IF(AND($H$27>H29,COUNTIF($H$22:$H$26,$H$27)=0),1,0)+IF(AND($H$28>H29,COUNTIF($H$22:$H$27,$H$28)=0),1,0)+IF(AND($H$29>H29,COUNTIF($H$22:$H$28,$H$29)=0),1,0)+IF(AND($H$30>H29,COUNTIF($H$22:$H$29,$H$30)=0),1,0)+IF(AND($H$31>H29,COUNTIF($H$22:$H$30,$H$31)=0),1,0) -> 8 | J29: =C29&" | "&D29 -> Steelhead | Spawning
A30: ='Fish Use'!A28 -> CC3 | B30: ='Fish Use'!B28 -> Catherine Creek | C30: ='Fish Use'!D28 -> Steelhead | D30: ='Fish Use'!E28 -> Summer Rearing | E30: ='Fish Use'!F28 -> 0.1722 | F30: =Population!D5 -> 0.25 | G30: =SUM('L1 Calculation Grid'!$M$392:$M$406) -> 0.82875647 | H30: =SUM('L1 Calculation Grid'!$N$392:$N$406) -> 0.20718912 | I30: =1+IF($H$22>H30,1,0)+IF(AND($H$23>H30,COUNTIF($H$22:$H$22,$H$23)=0),1,0)+IF(AND($H$24>H30,COUNTIF($H$22:$H$23,$H$24)=0),1,0)+IF(AND($H$25>H30,COUNTIF($H$22:$H$24,$H$25)=0),1,0)+IF(AND($H$26>H30,COUNTIF($H$22:$H$25,$H$26)=0),1,0)+IF(AND($H$27>H30,COUNTIF($H$22:$H$26,$H$27)=0),1,0)+IF(AND($H$28>H30,COUNTIF($H$22:$H$27,$H$28)=0),1,0)+IF(AND($H$29>H30,COUNTIF($H$22:$H$28,$H$29)=0),1,0)+IF(AND($H$30>H30,COUNTIF($H$22:$H$29,$H$30)=0),1,0)+IF(AND($H$31>H30,COUNTIF($H$22:$H$30,$H$31)=0),1,0) -> 6 | J30: =C30&" | "&D30 -> Steelhead | Summer Rearing
A31: ='Fish Use'!A27 -> CC3 | B31: ='Fish Use'!B27 -> Catherine Creek | C31: ='Fish Use'!D27 -> Steelhead | D31: ='Fish Use'!E27 -> Winter Rearing | E31: ='Fish Use'!F27 -> 0.1722 | F31: =Population!D7 -> 0.25 | G31: =SUM('L1 Calculation Grid'!$M$377:$M$391) -> 0.797647 | H31: =SUM('L1 Calculation Grid'!$N$377:$N$391) -> 0.19941175 | I31: =1+IF($H$22>H31,1,0)+IF(AND($H$23>H31,COUNTIF($H$22:$H$22,$H$23)=0),1,0)+IF(AND($H$24>H31,COUNTIF($H$22:$H$23,$H$24)=0),1,0)+IF(AND($H$25>H31,COUNTIF($H$22:$H$24,$H$25)=0),1,0)+IF(AND($H$26>H31,COUNTIF($H$22:$H$25,$H$26)=0),1,0)+IF(AND($H$27>H31,COUNTIF($H$22:$H$26,$H$27)=0),1,0)+IF(AND($H$28>H31,COUNTIF($H$22:$H$27,$H$28)=0),1,0)+IF(AND($H$29>H31,COUNTIF($H$22:$H$28,$H$29)=0),1,0)+IF(AND($H$30>H31,COUNTIF($H$22:$H$29,$H$30)=0),1,0)+IF(AND($H$31>H31,COUNTIF($H$22:$H$30,$H$31)=0),1,0) -> 7 | J31: =C31&" | "&D31 -> Steelhead | Winter Rearing
A32: ='Fish Use'!A41 -> CC4 | B32: ='Fish Use'!B41 -> Catherine Creek | C32: ='Fish Use'!D41 -> Bull Trout | D32: ='Fish Use'!E41 -> FMO | E32: ='Fish Use'!F41 -> 0.2532 | F32: =Population!D19 -> 0.4 | G32: =SUM('L1 Calculation Grid'!$M$587:$M$601) -> 1.3203584 | H32: =SUM('L1 Calculation Grid'!$N$587:$N$601) -> 0.52814337 | I32: =1+IF($H$32>H32,1,0)+IF(AND($H$33>H32,COUNTIF($H$32:$H$32,$H$33)=0),1,0)+IF(AND($H$34>H32,COUNTIF($H$32:$H$33,$H$34)=0),1,0)+IF(AND($H$35>H32,COUNTIF($H$32:$H$34,$H$35)=0),1,0)+IF(AND($H$36>H32,COUNTIF($H$32:$H$35,$H$36)=0),1,0)+IF(AND($H$37>H32,COUNTIF($H$32:$H$36,$H$37)=0),1,0)+IF(AND($H$38>H32,COUNTIF($H$32:$H$37,$H$38)=0),1,0)+IF(AND($H$39>H32,COUNTIF($H$32:$H$38,$H$39)=0),1,0)+IF(AND($H$40>H32,COUNTIF($H$32:$H$39,$H$40)=0),1,0)+IF(AND($H$41>H32,COUNTIF($H$32:$H$40,$H$41)=0),1,0) -> 2 | J32: =C32&" | "&D32 -> Bull Trout | FMO
A33: ='Fish Use'!A40 -> CC4 | B33: ='Fish Use'!B40 -> Catherine Creek | C33: ='Fish Use'!D40 -> Bull Trout | D33: ='Fish Use'!E40 -> Spawning & Resident | E33: ='Fish Use'!F40 -> 0.2532 | F33: =Population!D18 -> 0.6 | G33: =SUM('L1 Calculation Grid'!$M$572:$M$586) -> 1.2638483 | H33: =SUM('L1 Calculation Grid'!$N$572:$N$586) -> 0.75830895 | I33: =1+IF($H$32>H33,1,0)+IF(AND($H$33>H33,COUNTIF($H$32:$H$32,$H$33)=0),1,0)+IF(AND($H$34>H33,COUNTIF($H$32:$H$33,$H$34)=0),1,0)+IF(AND($H$35>H33,COUNTIF($H$32:$H$34,$H$35)=0),1,0)+IF(AND($H$36>H33,COUNTIF($H$32:$H$35,$H$36)=0),1,0)+IF(AND($H$37>H33,COUNTIF($H$32:$H$36,$H$37)=0),1,0)+IF(AND($H$38>H33,COUNTIF($H$32:$H$37,$H$38)=0),1,0)+IF(AND($H$39>H33,COUNTIF($H$32:$H$38,$H$39)=0),1,0)+IF(AND($H$40>H33,COUNTIF($H$32:$H$39,$H$40)=0),1,0)+IF(AND($H$41>H33,COUNTIF($H$32:$H$40,$H$41)=0),1,0) -> 1 | J33: =C33&" | "&D33 -> Bull Trout | Spawning & Resident
A34: ='Fish Use'!A35 -> CC4 | B34: ='Fish Use'!B35 -> Catherine Creek | C34: ='Fish Use'!D35 -> Chinook | D34: ='Fish Use'!E35 -> Migration | E34: ='Fish Use'!F35 -> 0.2532 | F34: =Population!D8 -> 0.3 | G34: =SUM('L1 Calculation Grid'!$M$497:$M$511) -> 1.6017821 | H34: =SUM('L1 Calculation Grid'!$N$497:$N$511) -> 0.48053463 | I34: =1+IF($H$32>H34,1,0)+IF(AND($H$33>H34,COUNTIF($H$32:$H$32,$H$33)=0),1,0)+IF(AND($H$34>H34,COUNTIF($H$32:$H$33,$H$34)=0),1,0)+IF(AND($H$35>H34,COUNTIF($H$32:$H$34,$H$35)=0),1,0)+IF(AND($H$36>H34,COUNTIF($H$32:$H$35,$H$36)=0),1,0)+IF(AND($H$37>H34,COUNTIF($H$32:$H$36,$H$37)=0),1,0)+IF(AND($H$38>H34,COUNTIF($H$32:$H$37,$H$38)=0),1,0)+IF(AND($H$39>H34,COUNTIF($H$32:$H$38,$H$39)=0),1,0)+IF(AND($H$40>H34,COUNTIF($H$32:$H$39,$H$40)=0),1,0)+IF(AND($H$41>H34,COUNTIF($H$32:$H$40,$H$41)=0),1,0) -> 3 | J34: =C34&" | "&D34 -> Chinook | Migration
A35: ='Fish Use'!A32 -> CC4 | B35: ='Fish Use'!B32 -> Catherine Creek | C35: ='Fish Use'!D32 -> Chinook | D35: ='Fish Use'!E32 -> Spawning | E35: ='Fish Use'!F32 -> 0.2532 | F35: =Population!D2 -> 0.12 | G35: =SUM('L1 Calculation Grid'!$M$452:$M$466) -> 1.3016072 | H35: =SUM('L1 Calculation Grid'!$N$452:$N$466) -> 0.15619286 | I35: =1+IF($H$32>H35,1,0)+IF(AND($H$33>H35,COUNTIF($H$32:$H$32,$H$33)=0),1,0)+IF(AND($H$34>H35,COUNTIF($H$32:$H$33,$H$34)=0),1,0)+IF(AND($H$35>H35,COUNTIF($H$32:$H$34,$H$35)=0),1,0)+IF(AND($H$36>H35,COUNTIF($H$32:$H$35,$H$36)=0),1,0)+IF(AND($H$37>H35,COUNTIF($H$32:$H$36,$H$37)=0),1,0)+IF(AND($H$38>H35,COUNTIF($H$32:$H$37,$H$38)=0),1,0)+IF(AND($H$39>H35,COUNTIF($H$32:$H$38,$H$39)=0),1,0)+IF(AND($H$40>H35,COUNTIF($H$32:$H$39,$H$40)=0),1,0)+IF(AND($H$41>H35,COUNTIF($H$32:$H$40,$H$41)=0),1,0) -> 10 | J35: =C35&" | "&D35 -> Chinook | Spawning
A36: ='Fish Use'!A34 -> CC4 | B36: ='Fish Use'!B34 -> Catherine Creek | C36: ='Fish Use'!D34 -> Chinook | D36: ='Fish Use'!E34 -> Summer Rearing | E36: ='Fish Use'!F34 -> 0.2532 | F36: =Population!D4 -> 0.21 | G36: =SUM('L1 Calculation Grid'!$M$482:$M$496) -> 1.3273169 | H36: =SUM('L1 Calculation Grid'!$N$482:$N$496) -> 0.27873655 | I36: =1+IF($H$32>H36,1,0)+IF(AND($H$33>H36,COUNTIF($H$32:$H$32,$H$33)=0),1,0)+IF(AND($H$34>H36,COUNTIF($H$32:$H$33,$H$34)=0),1,0)+IF(AND($H$35>H36,COUNTIF($H$32:$H$34,$H$35)=0),1,0)+IF(AND($H$36>H36,COUNTIF($H$32:$H$35,$H$36)=0),1,0)+IF(AND($H$37>H36,COUNTIF($H$32:$H$36,$H$37)=0),1,0)+IF(AND($H$38>H36,COUNTIF($H$32:$H$37,$H$38)=0),1,0)+IF(AND($H$39>H36,COUNTIF($H$32:$H$38,$H$39)=0),1,0)+IF(AND($H$40>H36,COUNTIF($H$32:$H$39,$H$40)=0),1,0)+IF(AND($H$41>H36,COUNTIF($H$32:$H$40,$H$41)=0),1,0) -> 9 | J36: =C36&" | "&D36 -> Chinook | Summer Rearing
A37: ='Fish Use'!A33 -> CC4 | B37: ='Fish Use'!B33 -> Catherine Creek | C37: ='Fish Use'!D33 -> Chinook | D37: ='Fish Use'!E33 -> Winter Rearing | E37: ='Fish Use'!F33 -> 0.2532 | F37: =Population!D6 -> 0.36 | G37: =SUM('L1 Calculation Grid'!$M$467:$M$481) -> 1.2917595 | H37: =SUM('L1 Calculation Grid'!$N$467:$N$481) -> 0.46503341 | I37: =1+IF($H$32>H37,1,0)+IF(AND($H$33>H37,COUNTIF($H$32:$H$32,$H$33)=0),1,0)+IF(AND($H$34>H37,COUNTIF($H$32:$H$33,$H$34)=0),1,0)+IF(AND($H$35>H37,COUNTIF($H$32:$H$34,$H$35)=0),1,0)+IF(AND($H$36>H37,COUNTIF($H$32:$H$35,$H$36)=0),1,0)+IF(AND($H$37>H37,COUNTIF($H$32:$H$36,$H$37)=0),1,0)+IF(AND($H$38>H37,COUNTIF($H$32:$H$37,$H$38)=0),1,0)+IF(AND($H$39>H37,COUNTIF($H$32:$H$38,$H$39)=0),1,0)+IF(AND($H$40>H37,COUNTIF($H$32:$H$39,$H$40)=0),1,0)+IF(AND($H$41>H37,COUNTIF($H$32:$H$40,$H$41)=0),1,0) -> 4 | J37: =C37&" | "&D37 -> Chinook | Winter Rearing
A38: ='Fish Use'!A39 -> CC4 | B38: ='Fish Use'!B39 -> Catherine Creek | C38: ='Fish Use'!D39 -> Steelhead | D38: ='Fish Use'!E39 -> Migration | E38: ='Fish Use'!F39 -> 0.2532 | F38: =Population!D9 -> 0.25 | G38: =SUM('L1 Calculation Grid'!$M$557:$M$571) -> 1.5171654 | H38: =SUM('L1 Calculation Grid'!$N$557:$N$571) -> 0.37929134 | I38: =1+IF($H$32>H38,1,0)+IF(AND($H$33>H38,COUNTIF($H$32:$H$32,$H$33)=0),1,0)+IF(AND($H$34>H38,COUNTIF($H$32:$H$33,$H$34)=0),1,0)+IF(AND($H$35>H38,COUNTIF($H$32:$H$34,$H$35)=0),1,0)+IF(AND($H$36>H38,COUNTIF($H$32:$H$35,$H$36)=0),1,0)+IF(AND($H$37>H38,COUNTIF($H$32:$H$36,$H$37)=0),1,0)+IF(AND($H$38>H38,COUNTIF($H$32:$H$37,$H$38)=0),1,0)+IF(AND($H$39>H38,COUNTIF($H$32:$H$38,$H$39)=0),1,0)+IF(AND($H$40>H38,COUNTIF($H$32:$H$39,$H$40)=0),1,0)+IF(AND($H$41>H38,COUNTIF($H$32:$H$40,$H$41)=0),1,0) -> 5 | J38: =C38&" | "&D38 -> Steelhead | Migration
A39: ='Fish Use'!A36 -> CC4 | B39: ='Fish Use'!B36 -> Catherine Creek | C39: ='Fish Use'!D36 -> Steelhead | D39: ='Fish Use'!E36 -> Spawning | E39: ='Fish Use'!F36 -> 0.2532 | F39: =Population!D3 -> 0.25 | G39: =SUM('L1 Calculation Grid'!$M$512:$M$526) -> 1.3161833 | H39: =SUM('L1 Calculation Grid'!$N$512:$N$526) -> 0.32904583 | I39: =1+IF($H$32>H39,1,0)+IF(AND($H$33>H39,COUNTIF($H$32:$H$32,$H$33)=0),1,0)+IF(AND($H$34>H39,COUNTIF($H$32:$H$33,$H$34)=0),1,0)+IF(AND($H$35>H39,COUNTIF($H$32:$H$34,$H$35)=0),1,0)+IF(AND($H$36>H39,COUNTIF($H$32:$H$35,$H$36)=0),1,0)+IF(AND($H$37>H39,COUNTIF($H$32:$H$36,$H$37)=0),1,0)+IF(AND($H$38>H39,COUNTIF($H$32:$H$37,$H$38)=0),1,0)+IF(AND($H$39>H39,COUNTIF($H$32:$H$38,$H$39)=0),1,0)+IF(AND($H$40>H39,COUNTIF($H$32:$H$39,$H$40)=0),1,0)+IF(AND($H$41>H39,COUNTIF($H$32:$H$40,$H$41)=0),1,0) -> 7 | J39: =C39&" | "&D39 -> Steelhead | Spawning
A40: ='Fish Use'!A38 -> CC4 | B40: ='Fish Use'!B38 -> Catherine Creek | C40: ='Fish Use'!D38 -> Steelhead | D40: ='Fish Use'!E38 -> Summer Rearing | E40: ='Fish Use'!F38 -> 0.2532 | F40: =Population!D5 -> 0.25 | G40: =SUM('L1 Calculation Grid'!$M$542:$M$556) -> 1.3340923 | H40: =SUM('L1 Calculation Grid'!$N$542:$N$556) -> 0.33352307 | I40: =1+IF($H$32>H40,1,0)+IF(AND($H$33>H40,COUNTIF($H$32:$H$32,$H$33)=0),1,0)+IF(AND($H$34>H40,COUNTIF($H$32:$H$33,$H$34)=0),1,0)+IF(AND($H$35>H40,COUNTIF($H$32:$H$34,$H$35)=0),1,0)+IF(AND($H$36>H40,COUNTIF($H$32:$H$35,$H$36)=0),1,0)+IF(AND($H$37>H40,COUNTIF($H$32:$H$36,$H$37)=0),1,0)+IF(AND($H$38>H40,COUNTIF($H$32:$H$37,$H$38)=0),1,0)+IF(AND($H$39>H40,COUNTIF($H$32:$H$38,$H$39)=0),1,0)+IF(AND($H$40>H40,COUNTIF($H$32:$H$39,$H$40)=0),1,0)+IF(AND($H$41>H40,COUNTIF($H$32:$H$40,$H$41)=0),1,0) -> 6 | J40: =C40&" | "&D40 -> Steelhead | Summer Rearing
A41: ='Fish Use'!A37 -> CC4 | B41: ='Fish Use'!B37 -> Catherine Creek | C41: ='Fish Use'!D37 -> Steelhead | D41: ='Fish Use'!E37 -> Winter Rearing | E41: ='Fish Use'!F37 -> 0.2532 | F41: =Population!D7 -> 0.25 | G41: =SUM('L1 Calculation Grid'!$M$527:$M$541) -> 1.2757875 | H41: =SUM('L1 Calculation Grid'!$N$527:$N$541) -> 0.31894688 | I41: =1+IF($H$32>H41,1,0)+IF(AND($H$33>H41,COUNTIF($H$32:$H$32,$H$33)=0),1,0)+IF(AND($H$34>H41,COUNTIF($H$32:$H$33,$H$34)=0),1,0)+IF(AND($H$35>H41,COUNTIF($H$32:$H$34,$H$35)=0),1,0)+IF(AND($H$36>H41,COUNTIF($H$32:$H$35,$H$36)=0),1,0)+IF(AND($H$37>H41,COUNTIF($H$32:$H$36,$H$37)=0),1,0)+IF(AND($H$38>H41,COUNTIF($H$32:$H$37,$H$38)=0),1,0)+IF(AND($H$39>H41,COUNTIF($H$32:$H$38,$H$39)=0),1,0)+IF(AND($H$40>H41,COUNTIF($H$32:$H$39,$H$40)=0),1,0)+IF(AND($H$41>H41,COUNTIF($H$32:$H$40,$H$41)=0),1,0) -> 8 | J41: =C41&" | "&D41 -> Steelhead | Winter Rearing
A42: ='Fish Use'!A51 -> CC5 | B42: ='Fish Use'!B51 -> Catherine Creek | C42: ='Fish Use'!D51 -> Bull Trout | D42: ='Fish Use'!E51 -> FMO | E42: ='Fish Use'!F51 -> 0.4663 | F42: =Population!D19 -> 0.4 | G42: =SUM('L1 Calculation Grid'!$M$737:$M$751) -> 2.4902044 | H42: =SUM('L1 Calculation Grid'!$N$737:$N$751) -> 0.99608175 | I42: =1+IF($H$42>H42,1,0)+IF(AND($H$43>H42,COUNTIF($H$42:$H$42,$H$43)=0),1,0)+IF(AND($H$44>H42,COUNTIF($H$42:$H$43,$H$44)=0),1,0)+IF(AND($H$45>H42,COUNTIF($H$42:$H$44,$H$45)=0),1,0)+IF(AND($H$46>H42,COUNTIF($H$42:$H$45,$H$46)=0),1,0)+IF(AND($H$47>H42,COUNTIF($H$42:$H$46,$H$47)=0),1,0)+IF(AND($H$48>H42,COUNTIF($H$42:$H$47,$H$48)=0),1,0)+IF(AND($H$49>H42,COUNTIF($H$42:$H$48,$H$49)=0),1,0)+IF(AND($H$50>H42,COUNTIF($H$42:$H$49,$H$50)=0),1,0)+IF(AND($H$51>H42,COUNTIF($H$42:$H$50,$H$51)=0),1,0) -> 2 | J42: =C42&" | "&D42 -> Bull Trout | FMO
A43: ='Fish Use'!A50 -> CC5 | B43: ='Fish Use'!B50 -> Catherine Creek | C43: ='Fish Use'!D50 -> Bull Trout | D43: ='Fish Use'!E50 -> Spawning & Resident | E43: ='Fish Use'!F50 -> 0.4663 | F43: =Population!D18 -> 0.6 | G43: =SUM('L1 Calculation Grid'!$M$722:$M$736) -> 2.4068399 | H43: =SUM('L1 Calculation Grid'!$N$722:$N$736) -> 1.444104 | I43: =1+IF($H$42>H43,1,0)+IF(AND($H$43>H43,COUNTIF($H$42:$H$42,$H$43)=0),1,0)+IF(AND($H$44>H43,COUNTIF($H$42:$H$43,$H$44)=0),1,0)+IF(AND($H$45>H43,COUNTIF($H$42:$H$44,$H$45)=0),1,0)+IF(AND($H$46>H43,COUNTIF($H$42:$H$45,$H$46)=0),1,0)+IF(AND($H$47>H43,COUNTIF($H$42:$H$46,$H$47)=0),1,0)+IF(AND($H$48>H43,COUNTIF($H$42:$H$47,$H$48)=0),1,0)+IF(AND($H$49>H43,COUNTIF($H$42:$H$48,$H$49)=0),1,0)+IF(AND($H$50>H43,COUNTIF($H$42:$H$49,$H$50)=0),1,0)+IF(AND($H$51>H43,COUNTIF($H$42:$H$50,$H$51)=0),1,0) -> 1 | J43: =C43&" | "&D43 -> Bull Trout | Spawning & Resident
A44: ='Fish Use'!A45 -> CC5 | B44: ='Fish Use'!B45 -> Catherine Creek | C44: ='Fish Use'!D45 -> Chinook | D44: ='Fish Use'!E45 -> Migration | E44: ='Fish Use'!F45 -> 0.4663 | F44: =Population!D8 -> 0.3 | G44: =SUM('L1 Calculation Grid'!$M$647:$M$661) -> 3.0555598 | H44: =SUM('L1 Calculation Grid'!$N$647:$N$661) -> 0.91666794 | I44: =1+IF($H$42>H44,1,0)+IF(AND($H$43>H44,COUNTIF($H$42:$H$42,$H$43)=0),1,0)+IF(AND($H$44>H44,COUNTIF($H$42:$H$43,$H$44)=0),1,0)+IF(AND($H$45>H44,COUNTIF($H$42:$H$44,$H$45)=0),1,0)+IF(AND($H$46>H44,COUNTIF($H$42:$H$45,$H$46)=0),1,0)+IF(AND($H$47>H44,COUNTIF($H$42:$H$46,$H$47)=0),1,0)+IF(AND($H$48>H44,COUNTIF($H$42:$H$47,$H$48)=0),1,0)+IF(AND($H$49>H44,COUNTIF($H$42:$H$48,$H$49)=0),1,0)+IF(AND($H$50>H44,COUNTIF($H$42:$H$49,$H$50)=0),1,0)+IF(AND($H$51>H44,COUNTIF($H$42:$H$50,$H$51)=0),1,0) -> 3 | J44: =C44&" | "&D44 -> Chinook | Migration
A45: ='Fish Use'!A42 -> CC5 | B45: ='Fish Use'!B42 -> Catherine Creek | C45: ='Fish Use'!D42 -> Chinook | D45: ='Fish Use'!E42 -> Spawning | E45: ='Fish Use'!F42 -> 0.4663 | F45: =Population!D2 -> 0.12 | G45: =SUM('L1 Calculation Grid'!$M$602:$M$616) -> 2.4680818 | H45: =SUM('L1 Calculation Grid'!$N$602:$N$616) -> 0.29616981 | I45: =1+IF($H$42>H45,1,0)+IF(AND($H$43>H45,COUNTIF($H$42:$H$42,$H$43)=0),1,0)+IF(AND($H$44>H45,COUNTIF($H$42:$H$43,$H$44)=0),1,0)+IF(AND($H$45>H45,COUNTIF($H$42:$H$44,$H$45)=0),1,0)+IF(AND($H$46>H45,COUNTIF($H$42:$H$45,$H$46)=0),1,0)+IF(AND($H$47>H45,COUNTIF($H$42:$H$46,$H$47)=0),1,0)+IF(AND($H$48>H45,COUNTIF($H$42:$H$47,$H$48)=0),1,0)+IF(AND($H$49>H45,COUNTIF($H$42:$H$48,$H$49)=0),1,0)+IF(AND($H$50>H45,COUNTIF($H$42:$H$49,$H$50)=0),1,0)+IF(AND($H$51>H45,COUNTIF($H$42:$H$50,$H$51)=0),1,0) -> 10 | J45: =C45&" | "&D45 -> Chinook | Spawning
A46: ='Fish Use'!A44 -> CC5 | B46: ='Fish Use'!B44 -> Catherine Creek | C46: ='Fish Use'!D44 -> Chinook | D46: ='Fish Use'!E44 -> Summer Rearing | E46: ='Fish Use'!F44 -> 0.4663 | F46: =Population!D4 -> 0.21 | G46: =SUM('L1 Calculation Grid'!$M$632:$M$646) -> 2.4552668 | H46: =SUM('L1 Calculation Grid'!$N$632:$N$646) -> 0.51560604 | I46: =1+IF($H$42>H46,1,0)+IF(AND($H$43>H46,COUNTIF($H$42:$H$42,$H$43)=0),1,0)+IF(AND($H$44>H46,COUNTIF($H$42:$H$43,$H$44)=0),1,0)+IF(AND($H$45>H46,COUNTIF($H$42:$H$44,$H$45)=0),1,0)+IF(AND($H$46>H46,COUNTIF($H$42:$H$45,$H$46)=0),1,0)+IF(AND($H$47>H46,COUNTIF($H$42:$H$46,$H$47)=0),1,0)+IF(AND($H$48>H46,COUNTIF($H$42:$H$47,$H$48)=0),1,0)+IF(AND($H$49>H46,COUNTIF($H$42:$H$48,$H$49)=0),1,0)+IF(AND($H$50>H46,COUNTIF($H$42:$H$49,$H$50)=0),1,0)+IF(AND($H$51>H46,COUNTIF($H$42:$H$50,$H$51)=0),1,0) -> 9 | J46: =C46&" | "&D46 -> Chinook | Summer Rearing
A47: ='Fish Use'!A43 -> CC5 | B47: ='Fish Use'!B43 -> Catherine Creek | C47: ='Fish Use'!D43 -> Chinook | D47: ='Fish Use'!E43 -> Winter Rearing | E47: ='Fish Use'!F43 -> 0.4663 | F47: =Population!D6 -> 0.36 | G47: =SUM('L1 Calculation Grid'!$M$617:$M$631) -> 2.4332866 | H47: =SUM('L1 Calculation Grid'!$N$617:$N$631) -> 0.87598319 | I47: =1+IF($H$42>H47,1,0)+IF(AND($H$43>H47,COUNTIF($H$42:$H$42,$H$43)=0),1,0)+IF(AND($H$44>H47,COUNTIF($H$42:$H$43,$H$44)=0),1,0)+IF(AND($H$45>H47,COUNTIF($H$42:$H$44,$H$45)=0),1,0)+IF(AND($H$46>H47,COUNTIF($H$42:$H$45,$H$46)=0),1,0)+IF(AND($H$47>H47,COUNTIF($H$42:$H$46,$H$47)=0),1,0)+IF(AND($H$48>H47,COUNTIF($H$42:$H$47,$H$48)=0),1,0)+IF(AND($H$49>H47,COUNTIF($H$42:$H$48,$H$49)=0),1,0)+IF(AND($H$50>H47,COUNTIF($H$42:$H$49,$H$50)=0),1,0)+IF(AND($H$51>H47,COUNTIF($H$42:$H$50,$H$51)=0),1,0) -> 4 | J47: =C47&" | "&D47 -> Chinook | Winter Rearing
A48: ='Fish Use'!A49 -> CC5 | B48: ='Fish Use'!B49 -> Catherine Creek | C48: ='Fish Use'!D49 -> Steelhead | D48: ='Fish Use'!E49 -> Migration | E48: ='Fish Use'!F49 -> 0.4663 | F48: =Population!D9 -> 0.25 | G48: =SUM('L1 Calculation Grid'!$M$707:$M$721) -> 2.8883963 | H48: =SUM('L1 Calculation Grid'!$N$707:$N$721) -> 0.72209907 | I48: =1+IF($H$42>H48,1,0)+IF(AND($H$43>H48,COUNTIF($H$42:$H$42,$H$43)=0),1,0)+IF(AND($H$44>H48,COUNTIF($H$42:$H$43,$H$44)=0),1,0)+IF(AND($H$45>H48,COUNTIF($H$42:$H$44,$H$45)=0),1,0)+IF(AND($H$46>H48,COUNTIF($H$42:$H$45,$H$46)=0),1,0)+IF(AND($H$47>H48,COUNTIF($H$42:$H$46,$H$47)=0),1,0)+IF(AND($H$48>H48,COUNTIF($H$42:$H$47,$H$48)=0),1,0)+IF(AND($H$49>H48,COUNTIF($H$42:$H$48,$H$49)=0),1,0)+IF(AND($H$50>H48,COUNTIF($H$42:$H$49,$H$50)=0),1,0)+IF(AND($H$51>H48,COUNTIF($H$42:$H$50,$H$51)=0),1,0) -> 5 | J48: =C48&" | "&D48 -> Steelhead | Migration
A49: ='Fish Use'!A46 -> CC5 | B49: ='Fish Use'!B46 -> Catherine Creek | C49: ='Fish Use'!D46 -> Steelhead | D49: ='Fish Use'!E46 -> Spawning | E49: ='Fish Use'!F46 -> 0.4663 | F49: =Population!D3 -> 0.25 | G49: =SUM('L1 Calculation Grid'!$M$662:$M$676) -> 2.4847412 | H49: =SUM('L1 Calculation Grid'!$N$662:$N$676) -> 0.62118529 | I49: =1+IF($H$42>H49,1,0)+IF(AND($H$43>H49,COUNTIF($H$42:$H$42,$H$43)=0),1,0)+IF(AND($H$44>H49,COUNTIF($H$42:$H$43,$H$44)=0),1,0)+IF(AND($H$45>H49,COUNTIF($H$42:$H$44,$H$45)=0),1,0)+IF(AND($H$46>H49,COUNTIF($H$42:$H$45,$H$46)=0),1,0)+IF(AND($H$47>H49,COUNTIF($H$42:$H$46,$H$47)=0),1,0)+IF(AND($H$48>H49,COUNTIF($H$42:$H$47,$H$48)=0),1,0)+IF(AND($H$49>H49,COUNTIF($H$42:$H$48,$H$49)=0),1,0)+IF(AND($H$50>H49,COUNTIF($H$42:$H$49,$H$50)=0),1,0)+IF(AND($H$51>H49,COUNTIF($H$42:$H$50,$H$51)=0),1,0) -> 6 | J49: =C49&" | "&D49 -> Steelhead | Spawning
A50: ='Fish Use'!A48 -> CC5 | B50: ='Fish Use'!B48 -> Catherine Creek | C50: ='Fish Use'!D48 -> Steelhead | D50: ='Fish Use'!E48 -> Summer Rearing | E50: ='Fish Use'!F48 -> 0.4663 | F50: =Population!D5 -> 0.25 | G50: =SUM('L1 Calculation Grid'!$M$692:$M$706) -> 2.465856 | H50: =SUM('L1 Calculation Grid'!$N$692:$N$706) -> 0.616464 | I50: =1+IF($H$42>H50,1,0)+IF(AND($H$43>H50,COUNTIF($H$42:$H$42,$H$43)=0),1,0)+IF(AND($H$44>H50,COUNTIF($H$42:$H$43,$H$44)=0),1,0)+IF(AND($H$45>H50,COUNTIF($H$42:$H$44,$H$45)=0),1,0)+IF(AND($H$46>H50,COUNTIF($H$42:$H$45,$H$46)=0),1,0)+IF(AND($H$47>H50,COUNTIF($H$42:$H$46,$H$47)=0),1,0)+IF(AND($H$48>H50,COUNTIF($H$42:$H$47,$H$48)=0),1,0)+IF(AND($H$49>H50,COUNTIF($H$42:$H$48,$H$49)=0),1,0)+IF(AND($H$50>H50,COUNTIF($H$42:$H$49,$H$50)=0),1,0)+IF(AND($H$51>H50,COUNTIF($H$42:$H$50,$H$51)=0),1,0) -> 7 | J50: =C50&" | "&D50 -> Steelhead | Summer Rearing
A51: ='Fish Use'!A47 -> CC5 | B51: ='Fish Use'!B47 -> Catherine Creek | C51: ='Fish Use'!D47 -> Steelhead | D51: ='Fish Use'!E47 -> Winter Rearing | E51: ='Fish Use'!F47 -> 0.4663 | F51: =Population!D7 -> 0.25 | G51: =SUM('L1 Calculation Grid'!$M$677:$M$691) -> 2.4340885 | H51: =SUM('L1 Calculation Grid'!$N$677:$N$691) -> 0.60852212 | I51: =1+IF($H$42>H51,1,0)+IF(AND($H$43>H51,COUNTIF($H$42:$H$42,$H$43)=0),1,0)+IF(AND($H$44>H51,COUNTIF($H$42:$H$43,$H$44)=0),1,0)+IF(AND($H$45>H51,COUNTIF($H$42:$H$44,$H$45)=0),1,0)+IF(AND($H$46>H51,COUNTIF($H$42:$H$45,$H$46)=0),1,0)+IF(AND($H$47>H51,COUNTIF($H$42:$H$46,$H$47)=0),1,0)+IF(AND($H$48>H51,COUNTIF($H$42:$H$47,$H$48)=0),1,0)+IF(AND($H$49>H51,COUNTIF($H$42:$H$48,$H$49)=0),1,0)+IF(AND($H$50>H51,COUNTIF($H$42:$H$49,$H$50)=0),1,0)+IF(AND($H$51>H51,COUNTIF($H$42:$H$50,$H$51)=0),1,0) -> 8 | J51: =C51&" | "&D51 -> Steelhead | Winter Rearing
A52: ='Fish Use'!A61 -> CC6 | B52: ='Fish Use'!B61 -> Catherine Creek | C52: ='Fish Use'!D61 -> Bull Trout | D52: ='Fish Use'!E61 -> FMO | E52: ='Fish Use'!F61 -> 0.6329 | F52: =Population!D19 -> 0.4 | G52: =SUM('L1 Calculation Grid'!$M$887:$M$901) -> 2.8266116 | H52: =SUM('L1 Calculation Grid'!$N$887:$N$901) -> 1.1306447 | I52: =1+IF($H$52>H52,1,0)+IF(AND($H$53>H52,COUNTIF($H$52:$H$52,$H$53)=0),1,0)+IF(AND($H$54>H52,COUNTIF($H$52:$H$53,$H$54)=0),1,0)+IF(AND($H$55>H52,COUNTIF($H$52:$H$54,$H$55)=0),1,0)+IF(AND($H$56>H52,COUNTIF($H$52:$H$55,$H$56)=0),1,0)+IF(AND($H$57>H52,COUNTIF($H$52:$H$56,$H$57)=0),1,0)+IF(AND($H$58>H52,COUNTIF($H$52:$H$57,$H$58)=0),1,0)+IF(AND($H$59>H52,COUNTIF($H$52:$H$58,$H$59)=0),1,0)+IF(AND($H$60>H52,COUNTIF($H$52:$H$59,$H$60)=0),1,0)+IF(AND($H$61>H52,COUNTIF($H$52:$H$60,$H$61)=0),1,0) -> 2 | J52: =C52&" | "&D52 -> Bull Trout | FMO
A53: ='Fish Use'!A60 -> CC6 | B53: ='Fish Use'!B60 -> Catherine Creek | C53: ='Fish Use'!D60 -> Bull Trout | D53: ='Fish Use'!E60 -> Spawning & Resident | E53: ='Fish Use'!F60 -> 0.6329 | F53: =Population!D18 -> 0.6 | G53: =SUM('L1 Calculation Grid'!$M$872:$M$886) -> 2.7615235 | H53: =SUM('L1 Calculation Grid'!$N$872:$N$886) -> 1.6569141 | I53: =1+IF($H$52>H53,1,0)+IF(AND($H$53>H53,COUNTIF($H$52:$H$52,$H$53)=0),1,0)+IF(AND($H$54>H53,COUNTIF($H$52:$H$53,$H$54)=0),1,0)+IF(AND($H$55>H53,COUNTIF($H$52:$H$54,$H$55)=0),1,0)+IF(AND($H$56>H53,COUNTIF($H$52:$H$55,$H$56)=0),1,0)+IF(AND($H$57>H53,COUNTIF($H$52:$H$56,$H$57)=0),1,0)+IF(AND($H$58>H53,COUNTIF($H$52:$H$57,$H$58)=0),1,0)+IF(AND($H$59>H53,COUNTIF($H$52:$H$58,$H$59)=0),1,0)+IF(AND($H$60>H53,COUNTIF($H$52:$H$59,$H$60)=0),1,0)+IF(AND($H$61>H53,COUNTIF($H$52:$H$60,$H$61)=0),1,0) -> 1 | J53: =C53&" | "&D53 -> Bull Trout | Spawning & Resident
A54: ='Fish Use'!A55 -> CC6 | B54: ='Fish Use'!B55 -> Catherine Creek | C54: ='Fish Use'!D55 -> Chinook | D54: ='Fish Use'!E55 -> Migration | E54: ='Fish Use'!F55 -> 0.6329 | F54: =Population!D8 -> 0.3 | G54: =SUM('L1 Calculation Grid'!$M$797:$M$811) -> 3.5089129 | H54: =SUM('L1 Calculation Grid'!$N$797:$N$811) -> 1.0526739 | I54: =1+IF($H$52>H54,1,0)+IF(AND($H$53>H54,COUNTIF($H$52:$H$52,$H$53)=0),1,0)+IF(AND($H$54>H54,COUNTIF($H$52:$H$53,$H$54)=0),1,0)+IF(AND($H$55>H54,COUNTIF($H$52:$H$54,$H$55)=0),1,0)+IF(AND($H$56>H54,COUNTIF($H$52:$H$55,$H$56)=0),1,0)+IF(AND($H$57>H54,COUNTIF($H$52:$H$56,$H$57)=0),1,0)+IF(AND($H$58>H54,COUNTIF($H$52:$H$57,$H$58)=0),1,0)+IF(AND($H$59>H54,COUNTIF($H$52:$H$58,$H$59)=0),1,0)+IF(AND($H$60>H54,COUNTIF($H$52:$H$59,$H$60)=0),1,0)+IF(AND($H$61>H54,COUNTIF($H$52:$H$60,$H$61)=0),1,0) -> 3 | J54: =C54&" | "&D54 -> Chinook | Migration
A55: ='Fish Use'!A52 -> CC6 | B55: ='Fish Use'!B52 -> Catherine Creek | C55: ='Fish Use'!D52 -> Chinook | D55: ='Fish Use'!E52 -> Spawning | E55: ='Fish Use'!F52 -> 0.6329 | F55: =Population!D2 -> 0.12 | G55: =SUM('L1 Calculation Grid'!$M$752:$M$766) -> 2.9822372 | H55: =SUM('L1 Calculation Grid'!$N$752:$N$766) -> 0.35786847 | I55: =1+IF($H$52>H55,1,0)+IF(AND($H$53>H55,COUNTIF($H$52:$H$52,$H$53)=0),1,0)+IF(AND($H$54>H55,COUNTIF($H$52:$H$53,$H$54)=0),1,0)+IF(AND($H$55>H55,COUNTIF($H$52:$H$54,$H$55)=0),1,0)+IF(AND($H$56>H55,COUNTIF($H$52:$H$55,$H$56)=0),1,0)+IF(AND($H$57>H55,COUNTIF($H$52:$H$56,$H$57)=0),1,0)+IF(AND($H$58>H55,COUNTIF($H$52:$H$57,$H$58)=0),1,0)+IF(AND($H$59>H55,COUNTIF($H$52:$H$58,$H$59)=0),1,0)+IF(AND($H$60>H55,COUNTIF($H$52:$H$59,$H$60)=0),1,0)+IF(AND($H$61>H55,COUNTIF($H$52:$H$60,$H$61)=0),1,0) -> 10 | J55: =C55&" | "&D55 -> Chinook | Spawning
A56: ='Fish Use'!A54 -> CC6 | B56: ='Fish Use'!B54 -> Catherine Creek | C56: ='Fish Use'!D54 -> Chinook | D56: ='Fish Use'!E54 -> Summer Rearing | E56: ='Fish Use'!F54 -> 0.6329 | F56: =Population!D4 -> 0.21 | G56: =SUM('L1 Calculation Grid'!$M$782:$M$796) -> 2.8985656 | H56: =SUM('L1 Calculation Grid'!$N$782:$N$796) -> 0.60869877 | I56: =1+IF($H$52>H56,1,0)+IF(AND($H$53>H56,COUNTIF($H$52:$H$52,$H$53)=0),1,0)+IF(AND($H$54>H56,COUNTIF($H$52:$H$53,$H$54)=0),1,0)+IF(AND($H$55>H56,COUNTIF($H$52:$H$54,$H$55)=0),1,0)+IF(AND($H$56>H56,COUNTIF($H$52:$H$55,$H$56)=0),1,0)+IF(AND($H$57>H56,COUNTIF($H$52:$H$56,$H$57)=0),1,0)+IF(AND($H$58>H56,COUNTIF($H$52:$H$57,$H$58)=0),1,0)+IF(AND($H$59>H56,COUNTIF($H$52:$H$58,$H$59)=0),1,0)+IF(AND($H$60>H56,COUNTIF($H$52:$H$59,$H$60)=0),1,0)+IF(AND($H$61>H56,COUNTIF($H$52:$H$60,$H$61)=0),1,0) -> 9 | J56: =C56&" | "&D56 -> Chinook | Summer Rearing
A57: ='Fish Use'!A53 -> CC6 | B57: ='Fish Use'!B53 -> Catherine Creek | C57: ='Fish Use'!D53 -> Chinook | D57: ='Fish Use'!E53 -> Winter Rearing | E57: ='Fish Use'!F53 -> 0.6329 | F57: =Population!D6 -> 0.36 | G57: =SUM('L1 Calculation Grid'!$M$767:$M$781) -> 2.8273542 | H57: =SUM('L1 Calculation Grid'!$N$767:$N$781) -> 1.0178475 | I57: =1+IF($H$52>H57,1,0)+IF(AND($H$53>H57,COUNTIF($H$52:$H$52,$H$53)=0),1,0)+IF(AND($H$54>H57,COUNTIF($H$52:$H$53,$H$54)=0),1,0)+IF(AND($H$55>H57,COUNTIF($H$52:$H$54,$H$55)=0),1,0)+IF(AND($H$56>H57,COUNTIF($H$52:$H$55,$H$56)=0),1,0)+IF(AND($H$57>H57,COUNTIF($H$52:$H$56,$H$57)=0),1,0)+IF(AND($H$58>H57,COUNTIF($H$52:$H$57,$H$58)=0),1,0)+IF(AND($H$59>H57,COUNTIF($H$52:$H$58,$H$59)=0),1,0)+IF(AND($H$60>H57,COUNTIF($H$52:$H$59,$H$60)=0),1,0)+IF(AND($H$61>H57,COUNTIF($H$52:$H$60,$H$61)=0),1,0) -> 4 | J57: =C57&" | "&D57 -> Chinook | Winter Rearing
A58: ='Fish Use'!A59 -> CC6 | B58: ='Fish Use'!B59 -> Catherine Creek | C58: ='Fish Use'!D59 -> Steelhead | D58: ='Fish Use'!E59 -> Migration | E58: ='Fish Use'!F59 -> 0.6329 | F58: =Population!D9 -> 0.25 | G58: =SUM('L1 Calculation Grid'!$M$857:$M$871) -> 3.2518153 | H58: =SUM('L1 Calculation Grid'!$N$857:$N$871) -> 0.81295383 | I58: =1+IF($H$52>H58,1,0)+IF(AND($H$53>H58,COUNTIF($H$52:$H$52,$H$53)=0),1,0)+IF(AND($H$54>H58,COUNTIF($H$52:$H$53,$H$54)=0),1,0)+IF(AND($H$55>H58,COUNTIF($H$52:$H$54,$H$55)=0),1,0)+IF(AND($H$56>H58,COUNTIF($H$52:$H$55,$H$56)=0),1,0)+IF(AND($H$57>H58,COUNTIF($H$52:$H$56,$H$57)=0),1,0)+IF(AND($H$58>H58,COUNTIF($H$52:$H$57,$H$58)=0),1,0)+IF(AND($H$59>H58,COUNTIF($H$52:$H$58,$H$59)=0),1,0)+IF(AND($H$60>H58,COUNTIF($H$52:$H$59,$H$60)=0),1,0)+IF(AND($H$61>H58,COUNTIF($H$52:$H$60,$H$61)=0),1,0) -> 5 | J58: =C58&" | "&D58 -> Steelhead | Migration
A59: ='Fish Use'!A56 -> CC6 | B59: ='Fish Use'!B56 -> Catherine Creek | C59: ='Fish Use'!D56 -> Steelhead | D59: ='Fish Use'!E56 -> Spawning | E59: ='Fish Use'!F56 -> 0.6329 | F59: =Population!D3 -> 0.25 | G59: =SUM('L1 Calculation Grid'!$M$812:$M$826) -> 2.9140366 | H59: =SUM('L1 Calculation Grid'!$N$812:$N$826) -> 0.72850915 | I59: =1+IF($H$52>H59,1,0)+IF(AND($H$53>H59,COUNTIF($H$52:$H$52,$H$53)=0),1,0)+IF(AND($H$54>H59,COUNTIF($H$52:$H$53,$H$54)=0),1,0)+IF(AND($H$55>H59,COUNTIF($H$52:$H$54,$H$55)=0),1,0)+IF(AND($H$56>H59,COUNTIF($H$52:$H$55,$H$56)=0),1,0)+IF(AND($H$57>H59,COUNTIF($H$52:$H$56,$H$57)=0),1,0)+IF(AND($H$58>H59,COUNTIF($H$52:$H$57,$H$58)=0),1,0)+IF(AND($H$59>H59,COUNTIF($H$52:$H$58,$H$59)=0),1,0)+IF(AND($H$60>H59,COUNTIF($H$52:$H$59,$H$60)=0),1,0)+IF(AND($H$61>H59,COUNTIF($H$52:$H$60,$H$61)=0),1,0) -> 6 | J59: =C59&" | "&D59 -> Steelhead | Spawning
A60: ='Fish Use'!A58 -> CC6 | B60: ='Fish Use'!B58 -> Catherine Creek | C60: ='Fish Use'!D58 -> Steelhead | D60: ='Fish Use'!E58 -> Summer Rearing | E60: ='Fish Use'!F58 -> 0.6329 | F60: =Population!D5 -> 0.25 | G60: =SUM('L1 Calculation Grid'!$M$842:$M$856) -> 2.857279 | H60: =SUM('L1 Calculation Grid'!$N$842:$N$856) -> 0.71431976 | I60: =1+IF($H$52>H60,1,0)+IF(AND($H$53>H60,COUNTIF($H$52:$H$52,$H$53)=0),1,0)+IF(AND($H$54>H60,COUNTIF($H$52:$H$53,$H$54)=0),1,0)+IF(AND($H$55>H60,COUNTIF($H$52:$H$54,$H$55)=0),1,0)+IF(AND($H$56>H60,COUNTIF($H$52:$H$55,$H$56)=0),1,0)+IF(AND($H$57>H60,COUNTIF($H$52:$H$56,$H$57)=0),1,0)+IF(AND($H$58>H60,COUNTIF($H$52:$H$57,$H$58)=0),1,0)+IF(AND($H$59>H60,COUNTIF($H$52:$H$58,$H$59)=0),1,0)+IF(AND($H$60>H60,COUNTIF($H$52:$H$59,$H$60)=0),1,0)+IF(AND($H$61>H60,COUNTIF($H$52:$H$60,$H$61)=0),1,0) -> 7 | J60: =C60&" | "&D60 -> Steelhead | Summer Rearing
A61: ='Fish Use'!A57 -> CC6 | B61: ='Fish Use'!B57 -> Catherine Creek | C61: ='Fish Use'!D57 -> Steelhead | D61: ='Fish Use'!E57 -> Winter Rearing | E61: ='Fish Use'!F57 -> 0.6329 | F61: =Population!D7 -> 0.25 | G61: =SUM('L1 Calculation Grid'!$M$827:$M$841) -> 2.8288087 | H61: =SUM('L1 Calculation Grid'!$N$827:$N$841) -> 0.70720218 | I61: =1+IF($H$52>H61,1,0)+IF(AND($H$53>H61,COUNTIF($H$52:$H$52,$H$53)=0),1,0)+IF(AND($H$54>H61,COUNTIF($H$52:$H$53,$H$54)=0),1,0)+IF(AND($H$55>H61,COUNTIF($H$52:$H$54,$H$55)=0),1,0)+IF(AND($H$56>H61,COUNTIF($H$52:$H$55,$H$56)=0),1,0)+IF(AND($H$57>H61,COUNTIF($H$52:$H$56,$H$57)=0),1,0)+IF(AND($H$58>H61,COUNTIF($H$52:$H$57,$H$58)=0),1,0)+IF(AND($H$59>H61,COUNTIF($H$52:$H$58,$H$59)=0),1,0)+IF(AND($H$60>H61,COUNTIF($H$52:$H$59,$H$60)=0),1,0)+IF(AND($H$61>H61,COUNTIF($H$52:$H$60,$H$61)=0),1,0) -> 8 | J61: =C61&" | "&D61 -> Steelhead | Winter Rearing
A62: ='Fish Use'!A71 -> CC7 | B62: ='Fish Use'!B71 -> Catherine Creek | C62: ='Fish Use'!D71 -> Bull Trout | D62: ='Fish Use'!E71 -> FMO | E62: ='Fish Use'!F71 -> 1 | F62: =Population!D19 -> 0.4 | G62: =SUM('L1 Calculation Grid'!$M$1037:$M$1051) -> 2.8918339 | H62: =SUM('L1 Calculation Grid'!$N$1037:$N$1051) -> 1.1567336 | I62: =1+IF($H$62>H62,1,0)+IF(AND($H$63>H62,COUNTIF($H$62:$H$62,$H$63)=0),1,0)+IF(AND($H$64>H62,COUNTIF($H$62:$H$63,$H$64)=0),1,0)+IF(AND($H$65>H62,COUNTIF($H$62:$H$64,$H$65)=0),1,0)+IF(AND($H$66>H62,COUNTIF($H$62:$H$65,$H$66)=0),1,0)+IF(AND($H$67>H62,COUNTIF($H$62:$H$66,$H$67)=0),1,0)+IF(AND($H$68>H62,COUNTIF($H$62:$H$67,$H$68)=0),1,0)+IF(AND($H$69>H62,COUNTIF($H$62:$H$68,$H$69)=0),1,0)+IF(AND($H$70>H62,COUNTIF($H$62:$H$69,$H$70)=0),1,0)+IF(AND($H$71>H62,COUNTIF($H$62:$H$70,$H$71)=0),1,0) -> 2 | J62: =C62&" | "&D62 -> Bull Trout | FMO
A63: ='Fish Use'!A70 -> CC7 | B63: ='Fish Use'!B70 -> Catherine Creek | C63: ='Fish Use'!D70 -> Bull Trout | D63: ='Fish Use'!E70 -> Spawning & Resident | E63: ='Fish Use'!F70 -> 1 | F63: =Population!D18 -> 0.6 | G63: =SUM('L1 Calculation Grid'!$M$1022:$M$1036) -> 2.7957911 | H63: =SUM('L1 Calculation Grid'!$N$1022:$N$1036) -> 1.6774746 | I63: =1+IF($H$62>H63,1,0)+IF(AND($H$63>H63,COUNTIF($H$62:$H$62,$H$63)=0),1,0)+IF(AND($H$64>H63,COUNTIF($H$62:$H$63,$H$64)=0),1,0)+IF(AND($H$65>H63,COUNTIF($H$62:$H$64,$H$65)=0),1,0)+IF(AND($H$66>H63,COUNTIF($H$62:$H$65,$H$66)=0),1,0)+IF(AND($H$67>H63,COUNTIF($H$62:$H$66,$H$67)=0),1,0)+IF(AND($H$68>H63,COUNTIF($H$62:$H$67,$H$68)=0),1,0)+IF(AND($H$69>H63,COUNTIF($H$62:$H$68,$H$69)=0),1,0)+IF(AND($H$70>H63,COUNTIF($H$62:$H$69,$H$70)=0),1,0)+IF(AND($H$71>H63,COUNTIF($H$62:$H$70,$H$71)=0),1,0) -> 1 | J63: =C63&" | "&D63 -> Bull Trout | Spawning & Resident
A64: ='Fish Use'!A65 -> CC7 | B64: ='Fish Use'!B65 -> Catherine Creek | C64: ='Fish Use'!D65 -> Chinook | D64: ='Fish Use'!E65 -> Migration | E64: ='Fish Use'!F65 -> 1 | F64: =Population!D8 -> 0.3 | G64: =SUM('L1 Calculation Grid'!$M$947:$M$961) -> 3.5997482 | H64: =SUM('L1 Calculation Grid'!$N$947:$N$961) -> 1.0799245 | I64: =1+IF($H$62>H64,1,0)+IF(AND($H$63>H64,COUNTIF($H$62:$H$62,$H$63)=0),1,0)+IF(AND($H$64>H64,COUNTIF($H$62:$H$63,$H$64)=0),1,0)+IF(AND($H$65>H64,COUNTIF($H$62:$H$64,$H$65)=0),1,0)+IF(AND($H$66>H64,COUNTIF($H$62:$H$65,$H$66)=0),1,0)+IF(AND($H$67>H64,COUNTIF($H$62:$H$66,$H$67)=0),1,0)+IF(AND($H$68>H64,COUNTIF($H$62:$H$67,$H$68)=0),1,0)+IF(AND($H$69>H64,COUNTIF($H$62:$H$68,$H$69)=0),1,0)+IF(AND($H$70>H64,COUNTIF($H$62:$H$69,$H$70)=0),1,0)+IF(AND($H$71>H64,COUNTIF($H$62:$H$70,$H$71)=0),1,0) -> 3 | J64: =C64&" | "&D64 -> Chinook | Migration
A65: ='Fish Use'!A62 -> CC7 | B65: ='Fish Use'!B62 -> Catherine Creek | C65: ='Fish Use'!D62 -> Chinook | D65: ='Fish Use'!E62 -> Spawning | E65: ='Fish Use'!F62 -> 1 | F65: =Population!D2 -> 0.12 | G65: =SUM('L1 Calculation Grid'!$M$902:$M$916) -> 3.1734536 | H65: =SUM('L1 Calculation Grid'!$N$902:$N$916) -> 0.38081443 | I65: =1+IF($H$62>H65,1,0)+IF(AND($H$63>H65,COUNTIF($H$62:$H$62,$H$63)=0),1,0)+IF(AND($H$64>H65,COUNTIF($H$62:$H$63,$H$64)=0),1,0)+IF(AND($H$65>H65,COUNTIF($H$62:$H$64,$H$65)=0),1,0)+IF(AND($H$66>H65,COUNTIF($H$62:$H$65,$H$66)=0),1,0)+IF(AND($H$67>H65,COUNTIF($H$62:$H$66,$H$67)=0),1,0)+IF(AND($H$68>H65,COUNTIF($H$62:$H$67,$H$68)=0),1,0)+IF(AND($H$69>H65,COUNTIF($H$62:$H$68,$H$69)=0),1,0)+IF(AND($H$70>H65,COUNTIF($H$62:$H$69,$H$70)=0),1,0)+IF(AND($H$71>H65,COUNTIF($H$62:$H$70,$H$71)=0),1,0) -> 10 | J65: =C65&" | "&D65 -> Chinook | Spawning
A66: ='Fish Use'!A64 -> CC7 | B66: ='Fish Use'!B64 -> Catherine Creek | C66: ='Fish Use'!D64 -> Chinook | D66: ='Fish Use'!E64 -> Summer Rearing | E66: ='Fish Use'!F64 -> 1 | F66: =Population!D4 -> 0.21 | G66: =SUM('L1 Calculation Grid'!$M$932:$M$946) -> 3.0633804 | H66: =SUM('L1 Calculation Grid'!$N$932:$N$946) -> 0.64330988 | I66: =1+IF($H$62>H66,1,0)+IF(AND($H$63>H66,COUNTIF($H$62:$H$62,$H$63)=0),1,0)+IF(AND($H$64>H66,COUNTIF($H$62:$H$63,$H$64)=0),1,0)+IF(AND($H$65>H66,COUNTIF($H$62:$H$64,$H$65)=0),1,0)+IF(AND($H$66>H66,COUNTIF($H$62:$H$65,$H$66)=0),1,0)+IF(AND($H$67>H66,COUNTIF($H$62:$H$66,$H$67)=0),1,0)+IF(AND($H$68>H66,COUNTIF($H$62:$H$67,$H$68)=0),1,0)+IF(AND($H$69>H66,COUNTIF($H$62:$H$68,$H$69)=0),1,0)+IF(AND($H$70>H66,COUNTIF($H$62:$H$69,$H$70)=0),1,0)+IF(AND($H$71>H66,COUNTIF($H$62:$H$70,$H$71)=0),1,0) -> 9 | J66: =C66&" | "&D66 -> Chinook | Summer Rearing
A67: ='Fish Use'!A63 -> CC7 | B67: ='Fish Use'!B63 -> Catherine Creek | C67: ='Fish Use'!D63 -> Chinook | D67: ='Fish Use'!E63 -> Winter Rearing | E67: ='Fish Use'!F63 -> 1 | F67: =Population!D6 -> 0.36 | G67: =SUM('L1 Calculation Grid'!$M$917:$M$931) -> 2.7252214 | H67: =SUM('L1 Calculation Grid'!$N$917:$N$931) -> 0.98107971 | I67: =1+IF($H$62>H67,1,0)+IF(AND($H$63>H67,COUNTIF($H$62:$H$62,$H$63)=0),1,0)+IF(AND($H$64>H67,COUNTIF($H$62:$H$63,$H$64)=0),1,0)+IF(AND($H$65>H67,COUNTIF($H$62:$H$64,$H$65)=0),1,0)+IF(AND($H$66>H67,COUNTIF($H$62:$H$65,$H$66)=0),1,0)+IF(AND($H$67>H67,COUNTIF($H$62:$H$66,$H$67)=0),1,0)+IF(AND($H$68>H67,COUNTIF($H$62:$H$67,$H$68)=0),1,0)+IF(AND($H$69>H67,COUNTIF($H$62:$H$68,$H$69)=0),1,0)+IF(AND($H$70>H67,COUNTIF($H$62:$H$69,$H$70)=0),1,0)+IF(AND($H$71>H67,COUNTIF($H$62:$H$70,$H$71)=0),1,0) -> 4 | J67: =C67&" | "&D67 -> Chinook | Winter Rearing
A68: ='Fish Use'!A69 -> CC7 | B68: ='Fish Use'!B69 -> Catherine Creek | C68: ='Fish Use'!D69 -> Steelhead | D68: ='Fish Use'!E69 -> Migration | E68: ='Fish Use'!F69 -> 1 | F68: =Population!D9 -> 0.25 | G68: =SUM('L1 Calculation Grid'!$M$1007:$M$1021) -> 3.1980107 | H68: =SUM('L1 Calculation Grid'!$N$1007:$N$1021) -> 0.79950268 | I68: =1+IF($H$62>H68,1,0)+IF(AND($H$63>H68,COUNTIF($H$62:$H$62,$H$63)=0),1,0)+IF(AND($H$64>H68,COUNTIF($H$62:$H$63,$H$64)=0),1,0)+IF(AND($H$65>H68,COUNTIF($H$62:$H$64,$H$65)=0),1,0)+IF(AND($H$66>H68,COUNTIF($H$62:$H$65,$H$66)=0),1,0)+IF(AND($H$67>H68,COUNTIF($H$62:$H$66,$H$67)=0),1,0)+IF(AND($H$68>H68,COUNTIF($H$62:$H$67,$H$68)=0),1,0)+IF(AND($H$69>H68,COUNTIF($H$62:$H$68,$H$69)=0),1,0)+IF(AND($H$70>H68,COUNTIF($H$62:$H$69,$H$70)=0),1,0)+IF(AND($H$71>H68,COUNTIF($H$62:$H$70,$H$71)=0),1,0) -> 5 | J68: =C68&" | "&D68 -> Steelhead | Migration
A69: ='Fish Use'!A66 -> CC7 | B69: ='Fish Use'!B66 -> Catherine Creek | C69: ='Fish Use'!D66 -> Steelhead | D69: ='Fish Use'!E66 -> Spawning | E69: ='Fish Use'!F66 -> 1 | F69: =Population!D3 -> 0.25 | G69: =SUM('L1 Calculation Grid'!$M$962:$M$976) -> 2.9499804 | H69: =SUM('L1 Calculation Grid'!$N$962:$N$976) -> 0.73749509 | I69: =1+IF($H$62>H69,1,0)+IF(AND($H$63>H69,COUNTIF($H$62:$H$62,$H$63)=0),1,0)+IF(AND($H$64>H69,COUNTIF($H$62:$H$63,$H$64)=0),1,0)+IF(AND($H$65>H69,COUNTIF($H$62:$H$64,$H$65)=0),1,0)+IF(AND($H$66>H69,COUNTIF($H$62:$H$65,$H$66)=0),1,0)+IF(AND($H$67>H69,COUNTIF($H$62:$H$66,$H$67)=0),1,0)+IF(AND($H$68>H69,COUNTIF($H$62:$H$67,$H$68)=0),1,0)+IF(AND($H$69>H69,COUNTIF($H$62:$H$68,$H$69)=0),1,0)+IF(AND($H$70>H69,COUNTIF($H$62:$H$69,$H$70)=0),1,0)+IF(AND($H$71>H69,COUNTIF($H$62:$H$70,$H$71)=0),1,0) -> 7 | J69: =C69&" | "&D69 -> Steelhead | Spawning
A70: ='Fish Use'!A68 -> CC7 | B70: ='Fish Use'!B68 -> Catherine Creek | C70: ='Fish Use'!D68 -> Steelhead | D70: ='Fish Use'!E68 -> Summer Rearing | E70: ='Fish Use'!F68 -> 1 | F70: =Population!D5 -> 0.25 | G70: =SUM('L1 Calculation Grid'!$M$992:$M$1006) -> 2.9684946 | H70: =SUM('L1 Calculation Grid'!$N$992:$N$1006) -> 0.74212366 | I70: =1+IF($H$62>H70,1,0)+IF(AND($H$63>H70,COUNTIF($H$62:$H$62,$H$63)=0),1,0)+IF(AND($H$64>H70,COUNTIF($H$62:$H$63,$H$64)=0),1,0)+IF(AND($H$65>H70,COUNTIF($H$62:$H$64,$H$65)=0),1,0)+IF(AND($H$66>H70,COUNTIF($H$62:$H$65,$H$66)=0),1,0)+IF(AND($H$67>H70,COUNTIF($H$62:$H$66,$H$67)=0),1,0)+IF(AND($H$68>H70,COUNTIF($H$62:$H$67,$H$68)=0),1,0)+IF(AND($H$69>H70,COUNTIF($H$62:$H$68,$H$69)=0),1,0)+IF(AND($H$70>H70,COUNTIF($H$62:$H$69,$H$70)=0),1,0)+IF(AND($H$71>H70,COUNTIF($H$62:$H$70,$H$71)=0),1,0) -> 6 | J70: =C70&" | "&D70 -> Steelhead | Summer Rearing
A71: ='Fish Use'!A67 -> CC7 | B71: ='Fish Use'!B67 -> Catherine Creek | C71: ='Fish Use'!D67 -> Steelhead | D71: ='Fish Use'!E67 -> Winter Rearing | E71: ='Fish Use'!F67 -> 1 | F71: =Population!D7 -> 0.25 | G71: =SUM('L1 Calculation Grid'!$M$977:$M$991) -> 2.7414054 | H71: =SUM('L1 Calculation Grid'!$N$977:$N$991) -> 0.68535134 | I71: =1+IF($H$62>H71,1,0)+IF(AND($H$63>H71,COUNTIF($H$62:$H$62,$H$63)=0),1,0)+IF(AND($H$64>H71,COUNTIF($H$62:$H$63,$H$64)=0),1,0)+IF(AND($H$65>H71,COUNTIF($H$62:$H$64,$H$65)=0),1,0)+IF(AND($H$66>H71,COUNTIF($H$62:$H$65,$H$66)=0),1,0)+IF(AND($H$67>H71,COUNTIF($H$62:$H$66,$H$67)=0),1,0)+IF(AND($H$68>H71,COUNTIF($H$62:$H$67,$H$68)=0),1,0)+IF(AND($H$69>H71,COUNTIF($H$62:$H$68,$H$69)=0),1,0)+IF(AND($H$70>H71,COUNTIF($H$62:$H$69,$H$70)=0),1,0)+IF(AND($H$71>H71,COUNTIF($H$62:$H$70,$H$71)=0),1,0) -> 8 | J71: =C71&" | "&D71 -> Steelhead | Winter Rearing
A72: ='Fish Use'!A81 -> CC8 | B72: ='Fish Use'!B81 -> Catherine Creek | C72: ='Fish Use'!D81 -> Bull Trout | D72: ='Fish Use'!E81 -> FMO | E72: ='Fish Use'!F81 -> 0.2235 | F72: =Population!D19 -> 0.4 | G72: =SUM('L1 Calculation Grid'!$M$1187:$M$1201) -> 0.46604779 | H72: =SUM('L1 Calculation Grid'!$N$1187:$N$1201) -> 0.18641912 | I72: =1+IF($H$72>H72,1,0)+IF(AND($H$73>H72,COUNTIF($H$72:$H$72,$H$73)=0),1,0)+IF(AND($H$74>H72,COUNTIF($H$72:$H$73,$H$74)=0),1,0)+IF(AND($H$75>H72,COUNTIF($H$72:$H$74,$H$75)=0),1,0)+IF(AND($H$76>H72,COUNTIF($H$72:$H$75,$H$76)=0),1,0)+IF(AND($H$77>H72,COUNTIF($H$72:$H$76,$H$77)=0),1,0)+IF(AND($H$78>H72,COUNTIF($H$72:$H$77,$H$78)=0),1,0)+IF(AND($H$79>H72,COUNTIF($H$72:$H$78,$H$79)=0),1,0)+IF(AND($H$80>H72,COUNTIF($H$72:$H$79,$H$80)=0),1,0)+IF(AND($H$81>H72,COUNTIF($H$72:$H$80,$H$81)=0),1,0) -> 2 | J72: =C72&" | "&D72 -> Bull Trout | FMO
A73: ='Fish Use'!A80 -> CC8 | B73: ='Fish Use'!B80 -> Catherine Creek | C73: ='Fish Use'!D80 -> Bull Trout | D73: ='Fish Use'!E80 -> Spawning & Resident | E73: ='Fish Use'!F80 -> 0.2235 | F73: =Population!D18 -> 0.6 | G73: =SUM('L1 Calculation Grid'!$M$1172:$M$1186) -> 0.47293358 | H73: =SUM('L1 Calculation Grid'!$N$1172:$N$1186) -> 0.28376015 | I73: =1+IF($H$72>H73,1,0)+IF(AND($H$73>H73,COUNTIF($H$72:$H$72,$H$73)=0),1,0)+IF(AND($H$74>H73,COUNTIF($H$72:$H$73,$H$74)=0),1,0)+IF(AND($H$75>H73,COUNTIF($H$72:$H$74,$H$75)=0),1,0)+IF(AND($H$76>H73,COUNTIF($H$72:$H$75,$H$76)=0),1,0)+IF(AND($H$77>H73,COUNTIF($H$72:$H$76,$H$77)=0),1,0)+IF(AND($H$78>H73,COUNTIF($H$72:$H$77,$H$78)=0),1,0)+IF(AND($H$79>H73,COUNTIF($H$72:$H$78,$H$79)=0),1,0)+IF(AND($H$80>H73,COUNTIF($H$72:$H$79,$H$80)=0),1,0)+IF(AND($H$81>H73,COUNTIF($H$72:$H$80,$H$81)=0),1,0) -> 1 | J73: =C73&" | "&D73 -> Bull Trout | Spawning & Resident
A74: ='Fish Use'!A75 -> CC8 | B74: ='Fish Use'!B75 -> Catherine Creek | C74: ='Fish Use'!D75 -> Chinook | D74: ='Fish Use'!E75 -> Migration | E74: ='Fish Use'!F75 -> 0.2235 | F74: =Population!D8 -> 0.3 | G74: =SUM('L1 Calculation Grid'!$M$1097:$M$1111) -> 0.58437427 | H74: =SUM('L1 Calculation Grid'!$N$1097:$N$1111) -> 0.17531228 | I74: =1+IF($H$72>H74,1,0)+IF(AND($H$73>H74,COUNTIF($H$72:$H$72,$H$73)=0),1,0)+IF(AND($H$74>H74,COUNTIF($H$72:$H$73,$H$74)=0),1,0)+IF(AND($H$75>H74,COUNTIF($H$72:$H$74,$H$75)=0),1,0)+IF(AND($H$76>H74,COUNTIF($H$72:$H$75,$H$76)=0),1,0)+IF(AND($H$77>H74,COUNTIF($H$72:$H$76,$H$77)=0),1,0)+IF(AND($H$78>H74,COUNTIF($H$72:$H$77,$H$78)=0),1,0)+IF(AND($H$79>H74,COUNTIF($H$72:$H$78,$H$79)=0),1,0)+IF(AND($H$80>H74,COUNTIF($H$72:$H$79,$H$80)=0),1,0)+IF(AND($H$81>H74,COUNTIF($H$72:$H$80,$H$81)=0),1,0) -> 4 | J74: =C74&" | "&D74 -> Chinook | Migration
A75: ='Fish Use'!A72 -> CC8 | B75: ='Fish Use'!B72 -> Catherine Creek | C75: ='Fish Use'!D72 -> Chinook | D75: ='Fish Use'!E72 -> Spawning | E75: ='Fish Use'!F72 -> 0.2235 | F75: =Population!D2 -> 0.12 | G75: =SUM('L1 Calculation Grid'!$M$1052:$M$1066) -> 0.50597247 | H75: =SUM('L1 Calculation Grid'!$N$1052:$N$1066) -> 0.060716696 | I75: =1+IF($H$72>H75,1,0)+IF(AND($H$73>H75,COUNTIF($H$72:$H$72,$H$73)=0),1,0)+IF(AND($H$74>H75,COUNTIF($H$72:$H$73,$H$74)=0),1,0)+IF(AND($H$75>H75,COUNTIF($H$72:$H$74,$H$75)=0),1,0)+IF(AND($H$76>H75,COUNTIF($H$72:$H$75,$H$76)=0),1,0)+IF(AND($H$77>H75,COUNTIF($H$72:$H$76,$H$77)=0),1,0)+IF(AND($H$78>H75,COUNTIF($H$72:$H$77,$H$78)=0),1,0)+IF(AND($H$79>H75,COUNTIF($H$72:$H$78,$H$79)=0),1,0)+IF(AND($H$80>H75,COUNTIF($H$72:$H$79,$H$80)=0),1,0)+IF(AND($H$81>H75,COUNTIF($H$72:$H$80,$H$81)=0),1,0) -> 10 | J75: =C75&" | "&D75 -> Chinook | Spawning
A76: ='Fish Use'!A74 -> CC8 | B76: ='Fish Use'!B74 -> Catherine Creek | C76: ='Fish Use'!D74 -> Chinook | D76: ='Fish Use'!E74 -> Summer Rearing | E76: ='Fish Use'!F74 -> 0.2235 | F76: =Population!D4 -> 0.21 | G76: =SUM('L1 Calculation Grid'!$M$1082:$M$1096) -> 0.49992719 | H76: =SUM('L1 Calculation Grid'!$N$1082:$N$1096) -> 0.10498471 | I76: =1+IF($H$72>H76,1,0)+IF(AND($H$73>H76,COUNTIF($H$72:$H$72,$H$73)=0),1,0)+IF(AND($H$74>H76,COUNTIF($H$72:$H$73,$H$74)=0),1,0)+IF(AND($H$75>H76,COUNTIF($H$72:$H$74,$H$75)=0),1,0)+IF(AND($H$76>H76,COUNTIF($H$72:$H$75,$H$76)=0),1,0)+IF(AND($H$77>H76,COUNTIF($H$72:$H$76,$H$77)=0),1,0)+IF(AND($H$78>H76,COUNTIF($H$72:$H$77,$H$78)=0),1,0)+IF(AND($H$79>H76,COUNTIF($H$72:$H$78,$H$79)=0),1,0)+IF(AND($H$80>H76,COUNTIF($H$72:$H$79,$H$80)=0),1,0)+IF(AND($H$81>H76,COUNTIF($H$72:$H$80,$H$81)=0),1,0) -> 9 | J76: =C76&" | "&D76 -> Chinook | Summer Rearing
A77: ='Fish Use'!A73 -> CC8 | B77: ='Fish Use'!B73 -> Catherine Creek | C77: ='Fish Use'!D73 -> Chinook | D77: ='Fish Use'!E73 -> Winter Rearing | E77: ='Fish Use'!F73 -> 0.2235 | F77: =Population!D6 -> 0.36 | G77: =SUM('L1 Calculation Grid'!$M$1067:$M$1081) -> 0.48816351 | H77: =SUM('L1 Calculation Grid'!$N$1067:$N$1081) -> 0.17573886 | I77: =1+IF($H$72>H77,1,0)+IF(AND($H$73>H77,COUNTIF($H$72:$H$72,$H$73)=0),1,0)+IF(AND($H$74>H77,COUNTIF($H$72:$H$73,$H$74)=0),1,0)+IF(AND($H$75>H77,COUNTIF($H$72:$H$74,$H$75)=0),1,0)+IF(AND($H$76>H77,COUNTIF($H$72:$H$75,$H$76)=0),1,0)+IF(AND($H$77>H77,COUNTIF($H$72:$H$76,$H$77)=0),1,0)+IF(AND($H$78>H77,COUNTIF($H$72:$H$77,$H$78)=0),1,0)+IF(AND($H$79>H77,COUNTIF($H$72:$H$78,$H$79)=0),1,0)+IF(AND($H$80>H77,COUNTIF($H$72:$H$79,$H$80)=0),1,0)+IF(AND($H$81>H77,COUNTIF($H$72:$H$80,$H$81)=0),1,0) -> 3 | J77: =C77&" | "&D77 -> Chinook | Winter Rearing
A78: ='Fish Use'!A79 -> CC8 | B78: ='Fish Use'!B79 -> Catherine Creek | C78: ='Fish Use'!D79 -> Steelhead | D78: ='Fish Use'!E79 -> Migration | E78: ='Fish Use'!F79 -> 0.2235 | F78: =Population!D9 -> 0.25 | G78: =SUM('L1 Calculation Grid'!$M$1157:$M$1171) -> 0.54666583 | H78: =SUM('L1 Calculation Grid'!$N$1157:$N$1171) -> 0.13666646 | I78: =1+IF($H$72>H78,1,0)+IF(AND($H$73>H78,COUNTIF($H$72:$H$72,$H$73)=0),1,0)+IF(AND($H$74>H78,COUNTIF($H$72:$H$73,$H$74)=0),1,0)+IF(AND($H$75>H78,COUNTIF($H$72:$H$74,$H$75)=0),1,0)+IF(AND($H$76>H78,COUNTIF($H$72:$H$75,$H$76)=0),1,0)+IF(AND($H$77>H78,COUNTIF($H$72:$H$76,$H$77)=0),1,0)+IF(AND($H$78>H78,COUNTIF($H$72:$H$77,$H$78)=0),1,0)+IF(AND($H$79>H78,COUNTIF($H$72:$H$78,$H$79)=0),1,0)+IF(AND($H$80>H78,COUNTIF($H$72:$H$79,$H$80)=0),1,0)+IF(AND($H$81>H78,COUNTIF($H$72:$H$80,$H$81)=0),1,0) -> 5 | J78: =C78&" | "&D78 -> Steelhead | Migration
A79: ='Fish Use'!A76 -> CC8 | B79: ='Fish Use'!B76 -> Catherine Creek | C79: ='Fish Use'!D76 -> Steelhead | D79: ='Fish Use'!E76 -> Spawning | E79: ='Fish Use'!F76 -> 0.2235 | F79: =Population!D3 -> 0.25 | G79: =SUM('L1 Calculation Grid'!$M$1112:$M$1126) -> 0.52895745 | H79: =SUM('L1 Calculation Grid'!$N$1112:$N$1126) -> 0.13223936 | I79: =1+IF($H$72>H79,1,0)+IF(AND($H$73>H79,COUNTIF($H$72:$H$72,$H$73)=0),1,0)+IF(AND($H$74>H79,COUNTIF($H$72:$H$73,$H$74)=0),1,0)+IF(AND($H$75>H79,COUNTIF($H$72:$H$74,$H$75)=0),1,0)+IF(AND($H$76>H79,COUNTIF($H$72:$H$75,$H$76)=0),1,0)+IF(AND($H$77>H79,COUNTIF($H$72:$H$76,$H$77)=0),1,0)+IF(AND($H$78>H79,COUNTIF($H$72:$H$77,$H$78)=0),1,0)+IF(AND($H$79>H79,COUNTIF($H$72:$H$78,$H$79)=0),1,0)+IF(AND($H$80>H79,COUNTIF($H$72:$H$79,$H$80)=0),1,0)+IF(AND($H$81>H79,COUNTIF($H$72:$H$80,$H$81)=0),1,0) -> 6 | J79: =C79&" | "&D79 -> Steelhead | Spawning
A80: ='Fish Use'!A78 -> CC8 | B80: ='Fish Use'!B78 -> Catherine Creek | C80: ='Fish Use'!D78 -> Steelhead | D80: ='Fish Use'!E78 -> Summer Rearing | E80: ='Fish Use'!F78 -> 0.2235 | F80: =Population!D5 -> 0.25 | G80: =SUM('L1 Calculation Grid'!$M$1142:$M$1156) -> 0.47775041 | H80: =SUM('L1 Calculation Grid'!$N$1142:$N$1156) -> 0.1194376 | I80: =1+IF($H$72>H80,1,0)+IF(AND($H$73>H80,COUNTIF($H$72:$H$72,$H$73)=0),1,0)+IF(AND($H$74>H80,COUNTIF($H$72:$H$73,$H$74)=0),1,0)+IF(AND($H$75>H80,COUNTIF($H$72:$H$74,$H$75)=0),1,0)+IF(AND($H$76>H80,COUNTIF($H$72:$H$75,$H$76)=0),1,0)+IF(AND($H$77>H80,COUNTIF($H$72:$H$76,$H$77)=0),1,0)+IF(AND($H$78>H80,COUNTIF($H$72:$H$77,$H$78)=0),1,0)+IF(AND($H$79>H80,COUNTIF($H$72:$H$78,$H$79)=0),1,0)+IF(AND($H$80>H80,COUNTIF($H$72:$H$79,$H$80)=0),1,0)+IF(AND($H$81>H80,COUNTIF($H$72:$H$80,$H$81)=0),1,0) -> 8 | J80: =C80&" | "&D80 -> Steelhead | Summer Rearing
A81: ='Fish Use'!A77 -> CC8 | B81: ='Fish Use'!B77 -> Catherine Creek | C81: ='Fish Use'!D77 -> Steelhead | D81: ='Fish Use'!E77 -> Winter Rearing | E81: ='Fish Use'!F77 -> 0.2235 | F81: =Population!D7 -> 0.25 | G81: =SUM('L1 Calculation Grid'!$M$1127:$M$1141) -> 0.48693147 | H81: =SUM('L1 Calculation Grid'!$N$1127:$N$1141) -> 0.12173287 | I81: =1+IF($H$72>H81,1,0)+IF(AND($H$73>H81,COUNTIF($H$72:$H$72,$H$73)=0),1,0)+IF(AND($H$74>H81,COUNTIF($H$72:$H$73,$H$74)=0),1,0)+IF(AND($H$75>H81,COUNTIF($H$72:$H$74,$H$75)=0),1,0)+IF(AND($H$76>H81,COUNTIF($H$72:$H$75,$H$76)=0),1,0)+IF(AND($H$77>H81,COUNTIF($H$72:$H$76,$H$77)=0),1,0)+IF(AND($H$78>H81,COUNTIF($H$72:$H$77,$H$78)=0),1,0)+IF(AND($H$79>H81,COUNTIF($H$72:$H$78,$H$79)=0),1,0)+IF(AND($H$80>H81,COUNTIF($H$72:$H$79,$H$80)=0),1,0)+IF(AND($H$81>H81,COUNTIF($H$72:$H$80,$H$81)=0),1,0) -> 7 | J81: =C81&" | "&D81 -> Steelhead | Winter Rearing
A82: ='Fish Use'!A91 -> CC9 | B82: ='Fish Use'!B91 -> Catherine Creek | C82: ='Fish Use'!D91 -> Bull Trout | D82: ='Fish Use'!E91 -> FMO | E82: ='Fish Use'!F91 -> 0.9056 | F82: =Population!D19 -> 0.4 | G82: =SUM('L1 Calculation Grid'!$M$1337:$M$1351) -> 1.1361706 | H82: =SUM('L1 Calculation Grid'!$N$1337:$N$1351) -> 0.45446824 | I82: =1+IF($H$82>H82,1,0)+IF(AND($H$83>H82,COUNTIF($H$82:$H$82,$H$83)=0),1,0)+IF(AND($H$84>H82,COUNTIF($H$82:$H$83,$H$84)=0),1,0)+IF(AND($H$85>H82,COUNTIF($H$82:$H$84,$H$85)=0),1,0)+IF(AND($H$86>H82,COUNTIF($H$82:$H$85,$H$86)=0),1,0)+IF(AND($H$87>H82,COUNTIF($H$82:$H$86,$H$87)=0),1,0)+IF(AND($H$88>H82,COUNTIF($H$82:$H$87,$H$88)=0),1,0)+IF(AND($H$89>H82,COUNTIF($H$82:$H$88,$H$89)=0),1,0)+IF(AND($H$90>H82,COUNTIF($H$82:$H$89,$H$90)=0),1,0)+IF(AND($H$91>H82,COUNTIF($H$82:$H$90,$H$91)=0),1,0) -> 2 | J82: =C82&" | "&D82 -> Bull Trout | FMO
A83: ='Fish Use'!A90 -> CC9 | B83: ='Fish Use'!B90 -> Catherine Creek | C83: ='Fish Use'!D90 -> Bull Trout | D83: ='Fish Use'!E90 -> Spawning & Resident | E83: ='Fish Use'!F90 -> 0.9056 | F83: =Population!D18 -> 0.6 | G83: =SUM('L1 Calculation Grid'!$M$1322:$M$1336) -> 1.2180385 | H83: =SUM('L1 Calculation Grid'!$N$1322:$N$1336) -> 0.73082308 | I83: =1+IF($H$82>H83,1,0)+IF(AND($H$83>H83,COUNTIF($H$82:$H$82,$H$83)=0),1,0)+IF(AND($H$84>H83,COUNTIF($H$82:$H$83,$H$84)=0),1,0)+IF(AND($H$85>H83,COUNTIF($H$82:$H$84,$H$85)=0),1,0)+IF(AND($H$86>H83,COUNTIF($H$82:$H$85,$H$86)=0),1,0)+IF(AND($H$87>H83,COUNTIF($H$82:$H$86,$H$87)=0),1,0)+IF(AND($H$88>H83,COUNTIF($H$82:$H$87,$H$88)=0),1,0)+IF(AND($H$89>H83,COUNTIF($H$82:$H$88,$H$89)=0),1,0)+IF(AND($H$90>H83,COUNTIF($H$82:$H$89,$H$90)=0),1,0)+IF(AND($H$91>H83,COUNTIF($H$82:$H$90,$H$91)=0),1,0) -> 1 | J83: =C83&" | "&D83 -> Bull Trout | Spawning & Resident
A84: ='Fish Use'!A85 -> CC9 | B84: ='Fish Use'!B85 -> Catherine Creek | C84: ='Fish Use'!D85 -> Chinook | D84: ='Fish Use'!E85 -> Migration | E84: ='Fish Use'!F85 -> 0.9056 | F84: =Population!D8 -> 0.3 | G84: =SUM('L1 Calculation Grid'!$M$1247:$M$1261) -> 1.3954261 | H84: =SUM('L1 Calculation Grid'!$N$1247:$N$1261) -> 0.41862783 | I84: =1+IF($H$82>H84,1,0)+IF(AND($H$83>H84,COUNTIF($H$82:$H$82,$H$83)=0),1,0)+IF(AND($H$84>H84,COUNTIF($H$82:$H$83,$H$84)=0),1,0)+IF(AND($H$85>H84,COUNTIF($H$82:$H$84,$H$85)=0),1,0)+IF(AND($H$86>H84,COUNTIF($H$82:$H$85,$H$86)=0),1,0)+IF(AND($H$87>H84,COUNTIF($H$82:$H$86,$H$87)=0),1,0)+IF(AND($H$88>H84,COUNTIF($H$82:$H$87,$H$88)=0),1,0)+IF(AND($H$89>H84,COUNTIF($H$82:$H$88,$H$89)=0),1,0)+IF(AND($H$90>H84,COUNTIF($H$82:$H$89,$H$90)=0),1,0)+IF(AND($H$91>H84,COUNTIF($H$82:$H$90,$H$91)=0),1,0) -> 3 | J84: =C84&" | "&D84 -> Chinook | Migration
A85: ='Fish Use'!A82 -> CC9 | B85: ='Fish Use'!B82 -> Catherine Creek | C85: ='Fish Use'!D82 -> Chinook | D85: ='Fish Use'!E82 -> Spawning | E85: ='Fish Use'!F82 -> 0.9056 | F85: =Population!D2 -> 0.12 | G85: =SUM('L1 Calculation Grid'!$M$1202:$M$1216) -> 1.1707516 | H85: =SUM('L1 Calculation Grid'!$N$1202:$N$1216) -> 0.14049019 | I85: =1+IF($H$82>H85,1,0)+IF(AND($H$83>H85,COUNTIF($H$82:$H$82,$H$83)=0),1,0)+IF(AND($H$84>H85,COUNTIF($H$82:$H$83,$H$84)=0),1,0)+IF(AND($H$85>H85,COUNTIF($H$82:$H$84,$H$85)=0),1,0)+IF(AND($H$86>H85,COUNTIF($H$82:$H$85,$H$86)=0),1,0)+IF(AND($H$87>H85,COUNTIF($H$82:$H$86,$H$87)=0),1,0)+IF(AND($H$88>H85,COUNTIF($H$82:$H$87,$H$88)=0),1,0)+IF(AND($H$89>H85,COUNTIF($H$82:$H$88,$H$89)=0),1,0)+IF(AND($H$90>H85,COUNTIF($H$82:$H$89,$H$90)=0),1,0)+IF(AND($H$91>H85,COUNTIF($H$82:$H$90,$H$91)=0),1,0) -> 10 | J85: =C85&" | "&D85 -> Chinook | Spawning
A86: ='Fish Use'!A84 -> CC9 | B86: ='Fish Use'!B84 -> Catherine Creek | C86: ='Fish Use'!D84 -> Chinook | D86: ='Fish Use'!E84 -> Summer Rearing | E86: ='Fish Use'!F84 -> 0.9056 | F86: =Population!D4 -> 0.21 | G86: =SUM('L1 Calculation Grid'!$M$1232:$M$1246) -> 1.1670839 | H86: =SUM('L1 Calculation Grid'!$N$1232:$N$1246) -> 0.24508762 | I86: =1+IF($H$82>H86,1,0)+IF(AND($H$83>H86,COUNTIF($H$82:$H$82,$H$83)=0),1,0)+IF(AND($H$84>H86,COUNTIF($H$82:$H$83,$H$84)=0),1,0)+IF(AND($H$85>H86,COUNTIF($H$82:$H$84,$H$85)=0),1,0)+IF(AND($H$86>H86,COUNTIF($H$82:$H$85,$H$86)=0),1,0)+IF(AND($H$87>H86,COUNTIF($H$82:$H$86,$H$87)=0),1,0)+IF(AND($H$88>H86,COUNTIF($H$82:$H$87,$H$88)=0),1,0)+IF(AND($H$89>H86,COUNTIF($H$82:$H$88,$H$89)=0),1,0)+IF(AND($H$90>H86,COUNTIF($H$82:$H$89,$H$90)=0),1,0)+IF(AND($H$91>H86,COUNTIF($H$82:$H$90,$H$91)=0),1,0) -> 9 | J86: =C86&" | "&D86 -> Chinook | Summer Rearing
A87: ='Fish Use'!A83 -> CC9 | B87: ='Fish Use'!B83 -> Catherine Creek | C87: ='Fish Use'!D83 -> Chinook | D87: ='Fish Use'!E83 -> Winter Rearing | E87: ='Fish Use'!F83 -> 0.9056 | F87: =Population!D6 -> 0.36 | G87: =SUM('L1 Calculation Grid'!$M$1217:$M$1231) -> 1.1537376 | H87: =SUM('L1 Calculation Grid'!$N$1217:$N$1231) -> 0.41534555 | I87: =1+IF($H$82>H87,1,0)+IF(AND($H$83>H87,COUNTIF($H$82:$H$82,$H$83)=0),1,0)+IF(AND($H$84>H87,COUNTIF($H$82:$H$83,$H$84)=0),1,0)+IF(AND($H$85>H87,COUNTIF($H$82:$H$84,$H$85)=0),1,0)+IF(AND($H$86>H87,COUNTIF($H$82:$H$85,$H$86)=0),1,0)+IF(AND($H$87>H87,COUNTIF($H$82:$H$86,$H$87)=0),1,0)+IF(AND($H$88>H87,COUNTIF($H$82:$H$87,$H$88)=0),1,0)+IF(AND($H$89>H87,COUNTIF($H$82:$H$88,$H$89)=0),1,0)+IF(AND($H$90>H87,COUNTIF($H$82:$H$89,$H$90)=0),1,0)+IF(AND($H$91>H87,COUNTIF($H$82:$H$90,$H$91)=0),1,0) -> 4 | J87: =C87&" | "&D87 -> Chinook | Winter Rearing
A88: ='Fish Use'!A89 -> CC9 | B88: ='Fish Use'!B89 -> Catherine Creek | C88: ='Fish Use'!D89 -> Steelhead | D88: ='Fish Use'!E89 -> Migration | E88: ='Fish Use'!F89 -> 0.9056 | F88: =Population!D9 -> 0.25 | G88: =SUM('L1 Calculation Grid'!$M$1307:$M$1321) -> 1.3344582 | H88: =SUM('L1 Calculation Grid'!$N$1307:$N$1321) -> 0.33361455 | I88: =1+IF($H$82>H88,1,0)+IF(AND($H$83>H88,COUNTIF($H$82:$H$82,$H$83)=0),1,0)+IF(AND($H$84>H88,COUNTIF($H$82:$H$83,$H$84)=0),1,0)+IF(AND($H$85>H88,COUNTIF($H$82:$H$84,$H$85)=0),1,0)+IF(AND($H$86>H88,COUNTIF($H$82:$H$85,$H$86)=0),1,0)+IF(AND($H$87>H88,COUNTIF($H$82:$H$86,$H$87)=0),1,0)+IF(AND($H$88>H88,COUNTIF($H$82:$H$87,$H$88)=0),1,0)+IF(AND($H$89>H88,COUNTIF($H$82:$H$88,$H$89)=0),1,0)+IF(AND($H$90>H88,COUNTIF($H$82:$H$89,$H$90)=0),1,0)+IF(AND($H$91>H88,COUNTIF($H$82:$H$90,$H$91)=0),1,0) -> 5 | J88: =C88&" | "&D88 -> Steelhead | Migration
A89: ='Fish Use'!A86 -> CC9 | B89: ='Fish Use'!B86 -> Catherine Creek | C89: ='Fish Use'!D86 -> Steelhead | D89: ='Fish Use'!E86 -> Spawning | E89: ='Fish Use'!F86 -> 0.9056 | F89: =Population!D3 -> 0.25 | G89: =SUM('L1 Calculation Grid'!$M$1262:$M$1276) -> 1.1706206 | H89: =SUM('L1 Calculation Grid'!$N$1262:$N$1276) -> 0.29265515 | I89: =1+IF($H$82>H89,1,0)+IF(AND($H$83>H89,COUNTIF($H$82:$H$82,$H$83)=0),1,0)+IF(AND($H$84>H89,COUNTIF($H$82:$H$83,$H$84)=0),1,0)+IF(AND($H$85>H89,COUNTIF($H$82:$H$84,$H$85)=0),1,0)+IF(AND($H$86>H89,COUNTIF($H$82:$H$85,$H$86)=0),1,0)+IF(AND($H$87>H89,COUNTIF($H$82:$H$86,$H$87)=0),1,0)+IF(AND($H$88>H89,COUNTIF($H$82:$H$87,$H$88)=0),1,0)+IF(AND($H$89>H89,COUNTIF($H$82:$H$88,$H$89)=0),1,0)+IF(AND($H$90>H89,COUNTIF($H$82:$H$89,$H$90)=0),1,0)+IF(AND($H$91>H89,COUNTIF($H$82:$H$90,$H$91)=0),1,0) -> 6 | J89: =C89&" | "&D89 -> Steelhead | Spawning
A90: ='Fish Use'!A88 -> CC9 | B90: ='Fish Use'!B88 -> Catherine Creek | C90: ='Fish Use'!D88 -> Steelhead | D90: ='Fish Use'!E88 -> Summer Rearing | E90: ='Fish Use'!F88 -> 0.9056 | F90: =Population!D5 -> 0.25 | G90: =SUM('L1 Calculation Grid'!$M$1292:$M$1306) -> 1.1442919 | H90: =SUM('L1 Calculation Grid'!$N$1292:$N$1306) -> 0.28607298 | I90: =1+IF($H$82>H90,1,0)+IF(AND($H$83>H90,COUNTIF($H$82:$H$82,$H$83)=0),1,0)+IF(AND($H$84>H90,COUNTIF($H$82:$H$83,$H$84)=0),1,0)+IF(AND($H$85>H90,COUNTIF($H$82:$H$84,$H$85)=0),1,0)+IF(AND($H$86>H90,COUNTIF($H$82:$H$85,$H$86)=0),1,0)+IF(AND($H$87>H90,COUNTIF($H$82:$H$86,$H$87)=0),1,0)+IF(AND($H$88>H90,COUNTIF($H$82:$H$87,$H$88)=0),1,0)+IF(AND($H$89>H90,COUNTIF($H$82:$H$88,$H$89)=0),1,0)+IF(AND($H$90>H90,COUNTIF($H$82:$H$89,$H$90)=0),1,0)+IF(AND($H$91>H90,COUNTIF($H$82:$H$90,$H$91)=0),1,0) -> 7 | J90: =C90&" | "&D90 -> Steelhead | Summer Rearing
A91: ='Fish Use'!A87 -> CC9 | B91: ='Fish Use'!B87 -> Catherine Creek | C91: ='Fish Use'!D87 -> Steelhead | D91: ='Fish Use'!E87 -> Winter Rearing | E91: ='Fish Use'!F87 -> 0.9056 | F91: =Population!D7 -> 0.25 | G91: =SUM('L1 Calculation Grid'!$M$1277:$M$1291) -> 1.1232027 | H91: =SUM('L1 Calculation Grid'!$N$1277:$N$1291) -> 0.28080069 | I91: =1+IF($H$82>H91,1,0)+IF(AND($H$83>H91,COUNTIF($H$82:$H$82,$H$83)=0),1,0)+IF(AND($H$84>H91,COUNTIF($H$82:$H$83,$H$84)=0),1,0)+IF(AND($H$85>H91,COUNTIF($H$82:$H$84,$H$85)=0),1,0)+IF(AND($H$86>H91,COUNTIF($H$82:$H$85,$H$86)=0),1,0)+IF(AND($H$87>H91,COUNTIF($H$82:$H$86,$H$87)=0),1,0)+IF(AND($H$88>H91,COUNTIF($H$82:$H$87,$H$88)=0),1,0)+IF(AND($H$89>H91,COUNTIF($H$82:$H$88,$H$89)=0),1,0)+IF(AND($H$90>H91,COUNTIF($H$82:$H$89,$H$90)=0),1,0)+IF(AND($H$91>H91,COUNTIF($H$82:$H$90,$H$91)=0),1,0) -> 8 | J91: =C91&" | "&D91 -> Steelhead | Winter Rearing
A92: ='Fish Use'!A101 -> UGR1 | B92: ='Fish Use'!B101 -> Upper Grande Ronde | C92: ='Fish Use'!D101 -> Bull Trout | D92: ='Fish Use'!E101 -> FMO | E92: ='Fish Use'!F101 -> 0.9101 | F92: =Population!D21 -> 0.4 | G92: =SUM('L1 Calculation Grid'!$M$1487:$M$1501) -> 1.5723359 | H92: =SUM('L1 Calculation Grid'!$N$1487:$N$1501) -> 0.62893436 | I92: =1+IF($H$92>H92,1,0)+IF(AND($H$93>H92,COUNTIF($H$92:$H$92,$H$93)=0),1,0)+IF(AND($H$94>H92,COUNTIF($H$92:$H$93,$H$94)=0),1,0)+IF(AND($H$95>H92,COUNTIF($H$92:$H$94,$H$95)=0),1,0)+IF(AND($H$96>H92,COUNTIF($H$92:$H$95,$H$96)=0),1,0)+IF(AND($H$97>H92,COUNTIF($H$92:$H$96,$H$97)=0),1,0)+IF(AND($H$98>H92,COUNTIF($H$92:$H$97,$H$98)=0),1,0)+IF(AND($H$99>H92,COUNTIF($H$92:$H$98,$H$99)=0),1,0)+IF(AND($H$100>H92,COUNTIF($H$92:$H$99,$H$100)=0),1,0)+IF(AND($H$101>H92,COUNTIF($H$92:$H$100,$H$101)=0),1,0) -> 3 | J92: =C92&" | "&D92 -> Bull Trout | FMO
A93: ='Fish Use'!A100 -> UGR1 | B93: ='Fish Use'!B100 -> Upper Grande Ronde | C93: ='Fish Use'!D100 -> Bull Trout | D93: ='Fish Use'!E100 -> Spawning & Resident | E93: ='Fish Use'!F100 -> 0.9101 | F93: =Population!D20 -> 0.6 | G93: =SUM('L1 Calculation Grid'!$M$1472:$M$1486) -> 1.5764167 | H93: =SUM('L1 Calculation Grid'!$N$1472:$N$1486) -> 0.94585003 | I93: =1+IF($H$92>H93,1,0)+IF(AND($H$93>H93,COUNTIF($H$92:$H$92,$H$93)=0),1,0)+IF(AND($H$94>H93,COUNTIF($H$92:$H$93,$H$94)=0),1,0)+IF(AND($H$95>H93,COUNTIF($H$92:$H$94,$H$95)=0),1,0)+IF(AND($H$96>H93,COUNTIF($H$92:$H$95,$H$96)=0),1,0)+IF(AND($H$97>H93,COUNTIF($H$92:$H$96,$H$97)=0),1,0)+IF(AND($H$98>H93,COUNTIF($H$92:$H$97,$H$98)=0),1,0)+IF(AND($H$99>H93,COUNTIF($H$92:$H$98,$H$99)=0),1,0)+IF(AND($H$100>H93,COUNTIF($H$92:$H$99,$H$100)=0),1,0)+IF(AND($H$101>H93,COUNTIF($H$92:$H$100,$H$101)=0),1,0) -> 1 | J93: =C93&" | "&D93 -> Bull Trout | Spawning & Resident
A94: ='Fish Use'!A95 -> UGR1 | B94: ='Fish Use'!B95 -> Upper Grande Ronde | C94: ='Fish Use'!D95 -> Chinook | D94: ='Fish Use'!E95 -> Migration | E94: ='Fish Use'!F95 -> 0.9101 | F94: =Population!D16 -> 0.34 | G94: =SUM('L1 Calculation Grid'!$M$1397:$M$1411) -> 2.0032211 | H94: =SUM('L1 Calculation Grid'!$N$1397:$N$1411) -> 0.68109518 | I94: =1+IF($H$92>H94,1,0)+IF(AND($H$93>H94,COUNTIF($H$92:$H$92,$H$93)=0),1,0)+IF(AND($H$94>H94,COUNTIF($H$92:$H$93,$H$94)=0),1,0)+IF(AND($H$95>H94,COUNTIF($H$92:$H$94,$H$95)=0),1,0)+IF(AND($H$96>H94,COUNTIF($H$92:$H$95,$H$96)=0),1,0)+IF(AND($H$97>H94,COUNTIF($H$92:$H$96,$H$97)=0),1,0)+IF(AND($H$98>H94,COUNTIF($H$92:$H$97,$H$98)=0),1,0)+IF(AND($H$99>H94,COUNTIF($H$92:$H$98,$H$99)=0),1,0)+IF(AND($H$100>H94,COUNTIF($H$92:$H$99,$H$100)=0),1,0)+IF(AND($H$101>H94,COUNTIF($H$92:$H$100,$H$101)=0),1,0) -> 2 | J94: =C94&" | "&D94 -> Chinook | Migration
A95: ='Fish Use'!A92 -> UGR1 | B95: ='Fish Use'!B92 -> Upper Grande Ronde | C95: ='Fish Use'!D92 -> Chinook | D95: ='Fish Use'!E92 -> Spawning | E95: ='Fish Use'!F92 -> 0.9101 | F95: =Population!D10 -> 0.08 | G95: =SUM('L1 Calculation Grid'!$M$1352:$M$1366) -> 1.4146318 | H95: =SUM('L1 Calculation Grid'!$N$1352:$N$1366) -> 0.11317054 | I95: =1+IF($H$92>H95,1,0)+IF(AND($H$93>H95,COUNTIF($H$92:$H$92,$H$93)=0),1,0)+IF(AND($H$94>H95,COUNTIF($H$92:$H$93,$H$94)=0),1,0)+IF(AND($H$95>H95,COUNTIF($H$92:$H$94,$H$95)=0),1,0)+IF(AND($H$96>H95,COUNTIF($H$92:$H$95,$H$96)=0),1,0)+IF(AND($H$97>H95,COUNTIF($H$92:$H$96,$H$97)=0),1,0)+IF(AND($H$98>H95,COUNTIF($H$92:$H$97,$H$98)=0),1,0)+IF(AND($H$99>H95,COUNTIF($H$92:$H$98,$H$99)=0),1,0)+IF(AND($H$100>H95,COUNTIF($H$92:$H$99,$H$100)=0),1,0)+IF(AND($H$101>H95,COUNTIF($H$92:$H$100,$H$101)=0),1,0) -> 10 | J95: =C95&" | "&D95 -> Chinook | Spawning
A96: ='Fish Use'!A94 -> UGR1 | B96: ='Fish Use'!B94 -> Upper Grande Ronde | C96: ='Fish Use'!D94 -> Chinook | D96: ='Fish Use'!E94 -> Summer Rearing | E96: ='Fish Use'!F94 -> 0.9101 | F96: =Population!D12 -> 0.24 | G96: =SUM('L1 Calculation Grid'!$M$1382:$M$1396) -> 1.3913316 | H96: =SUM('L1 Calculation Grid'!$N$1382:$N$1396) -> 0.33391959 | I96: =1+IF($H$92>H96,1,0)+IF(AND($H$93>H96,COUNTIF($H$92:$H$92,$H$93)=0),1,0)+IF(AND($H$94>H96,COUNTIF($H$92:$H$93,$H$94)=0),1,0)+IF(AND($H$95>H96,COUNTIF($H$92:$H$94,$H$95)=0),1,0)+IF(AND($H$96>H96,COUNTIF($H$92:$H$95,$H$96)=0),1,0)+IF(AND($H$97>H96,COUNTIF($H$92:$H$96,$H$97)=0),1,0)+IF(AND($H$98>H96,COUNTIF($H$92:$H$97,$H$98)=0),1,0)+IF(AND($H$99>H96,COUNTIF($H$92:$H$98,$H$99)=0),1,0)+IF(AND($H$100>H96,COUNTIF($H$92:$H$99,$H$100)=0),1,0)+IF(AND($H$101>H96,COUNTIF($H$92:$H$100,$H$101)=0),1,0) -> 9 | J96: =C96&" | "&D96 -> Chinook | Summer Rearing
A97: ='Fish Use'!A93 -> UGR1 | B97: ='Fish Use'!B93 -> Upper Grande Ronde | C97: ='Fish Use'!D93 -> Chinook | D97: ='Fish Use'!E93 -> Winter Rearing | E97: ='Fish Use'!F93 -> 0.9101 | F97: =Population!D14 -> 0.34 | G97: =SUM('L1 Calculation Grid'!$M$1367:$M$1381) -> 1.4683553 | H97: =SUM('L1 Calculation Grid'!$N$1367:$N$1381) -> 0.49924082 | I97: =1+IF($H$92>H97,1,0)+IF(AND($H$93>H97,COUNTIF($H$92:$H$92,$H$93)=0),1,0)+IF(AND($H$94>H97,COUNTIF($H$92:$H$93,$H$94)=0),1,0)+IF(AND($H$95>H97,COUNTIF($H$92:$H$94,$H$95)=0),1,0)+IF(AND($H$96>H97,COUNTIF($H$92:$H$95,$H$96)=0),1,0)+IF(AND($H$97>H97,COUNTIF($H$92:$H$96,$H$97)=0),1,0)+IF(AND($H$98>H97,COUNTIF($H$92:$H$97,$H$98)=0),1,0)+IF(AND($H$99>H97,COUNTIF($H$92:$H$98,$H$99)=0),1,0)+IF(AND($H$100>H97,COUNTIF($H$92:$H$99,$H$100)=0),1,0)+IF(AND($H$101>H97,COUNTIF($H$92:$H$100,$H$101)=0),1,0) -> 5 | J97: =C97&" | "&D97 -> Chinook | Winter Rearing
A98: ='Fish Use'!A99 -> UGR1 | B98: ='Fish Use'!B99 -> Upper Grande Ronde | C98: ='Fish Use'!D99 -> Steelhead | D98: ='Fish Use'!E99 -> Migration | E98: ='Fish Use'!F99 -> 0.9101 | F98: =Population!D17 -> 0.25 | G98: =SUM('L1 Calculation Grid'!$M$1457:$M$1471) -> 2.0055321 | H98: =SUM('L1 Calculation Grid'!$N$1457:$N$1471) -> 0.50138303 | I98: =1+IF($H$92>H98,1,0)+IF(AND($H$93>H98,COUNTIF($H$92:$H$92,$H$93)=0),1,0)+IF(AND($H$94>H98,COUNTIF($H$92:$H$93,$H$94)=0),1,0)+IF(AND($H$95>H98,COUNTIF($H$92:$H$94,$H$95)=0),1,0)+IF(AND($H$96>H98,COUNTIF($H$92:$H$95,$H$96)=0),1,0)+IF(AND($H$97>H98,COUNTIF($H$92:$H$96,$H$97)=0),1,0)+IF(AND($H$98>H98,COUNTIF($H$92:$H$97,$H$98)=0),1,0)+IF(AND($H$99>H98,COUNTIF($H$92:$H$98,$H$99)=0),1,0)+IF(AND($H$100>H98,COUNTIF($H$92:$H$99,$H$100)=0),1,0)+IF(AND($H$101>H98,COUNTIF($H$92:$H$100,$H$101)=0),1,0) -> 4 | J98: =C98&" | "&D98 -> Steelhead | Migration
A99: ='Fish Use'!A96 -> UGR1 | B99: ='Fish Use'!B96 -> Upper Grande Ronde | C99: ='Fish Use'!D96 -> Steelhead | D99: ='Fish Use'!E96 -> Spawning | E99: ='Fish Use'!F96 -> 0.9101 | F99: =Population!D11 -> 0.25 | G99: =SUM('L1 Calculation Grid'!$M$1412:$M$1426) -> 1.447805 | H99: =SUM('L1 Calculation Grid'!$N$1412:$N$1426) -> 0.36195124 | I99: =1+IF($H$92>H99,1,0)+IF(AND($H$93>H99,COUNTIF($H$92:$H$92,$H$93)=0),1,0)+IF(AND($H$94>H99,COUNTIF($H$92:$H$93,$H$94)=0),1,0)+IF(AND($H$95>H99,COUNTIF($H$92:$H$94,$H$95)=0),1,0)+IF(AND($H$96>H99,COUNTIF($H$92:$H$95,$H$96)=0),1,0)+IF(AND($H$97>H99,COUNTIF($H$92:$H$96,$H$97)=0),1,0)+IF(AND($H$98>H99,COUNTIF($H$92:$H$97,$H$98)=0),1,0)+IF(AND($H$99>H99,COUNTIF($H$92:$H$98,$H$99)=0),1,0)+IF(AND($H$100>H99,COUNTIF($H$92:$H$99,$H$100)=0),1,0)+IF(AND($H$101>H99,COUNTIF($H$92:$H$100,$H$101)=0),1,0) -> 8 | J99: =C99&" | "&D99 -> Steelhead | Spawning
A100: ='Fish Use'!A98 -> UGR1 | B100: ='Fish Use'!B98 -> Upper Grande Ronde | C100: ='Fish Use'!D98 -> Steelhead | D100: ='Fish Use'!E98 -> Summer Rearing | E100: ='Fish Use'!F98 -> 0.9101 | F100: =Population!D13 -> 0.25 | G100: =SUM('L1 Calculation Grid'!$M$1442:$M$1456) -> 1.5269203 | H100: =SUM('L1 Calculation Grid'!$N$1442:$N$1456) -> 0.38173007 | I100: =1+IF($H$92>H100,1,0)+IF(AND($H$93>H100,COUNTIF($H$92:$H$92,$H$93)=0),1,0)+IF(AND($H$94>H100,COUNTIF($H$92:$H$93,$H$94)=0),1,0)+IF(AND($H$95>H100,COUNTIF($H$92:$H$94,$H$95)=0),1,0)+IF(AND($H$96>H100,COUNTIF($H$92:$H$95,$H$96)=0),1,0)+IF(AND($H$97>H100,COUNTIF($H$92:$H$96,$H$97)=0),1,0)+IF(AND($H$98>H100,COUNTIF($H$92:$H$97,$H$98)=0),1,0)+IF(AND($H$99>H100,COUNTIF($H$92:$H$98,$H$99)=0),1,0)+IF(AND($H$100>H100,COUNTIF($H$92:$H$99,$H$100)=0),1,0)+IF(AND($H$101>H100,COUNTIF($H$92:$H$100,$H$101)=0),1,0) -> 6 | J100: =C100&" | "&D100 -> Steelhead | Summer Rearing
...

Sheet Limiting Factor Scores
A1: bsr | B1: basin | C1: limiting_factor | D1: fish_use_score | E1: condition_score_raw_1_5 | F1: condition_score | G1: impact_score | H1: risk_score | I1: risk_rank_within_bsr
A2: ='Fish Use'!A2 -> CC1 | B2: ='Fish Use'!B2 -> Catherine Creek | C2: ='Limiting Factors'!B13 -> Altered Flow Timing | D2: ='Fish Use'!F2 -> 0.4162 | E2: ='Limiting Factors'!C13 -> 4.31 | F2: ='Limiting Factors'!D13 -> 0.84475 | G2: =SUM('L1 Calculation Grid'!M8,'L1 Calculation Grid'!M23,'L1 Calculation Grid'!M38,'L1 Calculation Grid'!M53,'L1 Calculation Grid'!M68,'L1 Calculation Grid'!M83,'L1 Calculation Grid'!M98,'L1 Calculation Grid'!M113,'L1 Calculation Grid'!M128,'L1 Calculation Grid'!M143) -> 1.8433097 | H2: =SUM('L1 Calculation Grid'!N8,'L1 Calculation Grid'!N23,'L1 Calculation Grid'!N38,'L1 Calculation Grid'!N53,'L1 Calculation Grid'!N68,'L1 Calculation Grid'!N83,'L1 Calculation Grid'!N98,'L1 Calculation Grid'!N113,'L1 Calculation Grid'!N128,'L1 Calculation Grid'!N143) -> 0.50201308 | I2: =1+IF($H$2>H2,1,0)+IF(AND($H$3>H2,COUNTIF($H$2:$H$2,$H$3)=0),1,0)+IF(AND($H$4>H2,COUNTIF($H$2:$H$3,$H$4)=0),1,0)+IF(AND($H$5>H2,COUNTIF($H$2:$H$4,$H$5)=0),1,0)+IF(AND($H$6>H2,COUNTIF($H$2:$H$5,$H$6)=0),1,0)+IF(AND($H$7>H2,COUNTIF($H$2:$H$6,$H$7)=0),1,0)+IF(AND($H$8>H2,COUNTIF($H$2:$H$7,$H$8)=0),1,0)+IF(AND($H$9>H2,COUNTIF($H$2:$H$8,$H$9)=0),1,0)+IF(AND($H$10>H2,COUNTIF($H$2:$H$9,$H$10)=0),1,0)+IF(AND($H$11>H2,COUNTIF($H$2:$H$10,$H$11)=0),1,0)+IF(AND($H$12>H2,COUNTIF($H$2:$H$11,$H$12)=0),1,0)+IF(AND($H$13>H2,COUNTIF($H$2:$H$12,$H$13)=0),1,0)+IF(AND($H$14>H2,COUNTIF($H$2:$H$13,$H$14)=0),1,0)+IF(AND($H$15>H2,COUNTIF($H$2:$H$14,$H$15)=0),1,0)+IF(AND($H$16>H2,COUNTIF($H$2:$H$15,$H$16)=0),1,0) -> 10
A3: ='Fish Use'!A2 -> CC1 | B3: ='Fish Use'!B2 -> Catherine Creek | C3: ='Limiting Factors'!B10 -> Altered Primary Productivity | D3: ='Fish Use'!F2 -> 0.4162 | E3: ='Limiting Factors'!C10 -> 4.31 | F3: ='Limiting Factors'!D10 -> 0.84475 | G3: =SUM('L1 Calculation Grid'!M15,'L1 Calculation Grid'!M30,'L1 Calculation Grid'!M45,'L1 Calculation Grid'!M60,'L1 Calculation Grid'!M75,'L1 Calculation Grid'!M90,'L1 Calculation Grid'!M105,'L1 Calculation Grid'!M120,'L1 Calculation Grid'!M135,'L1 Calculation Grid'!M150) -> 1.2782624 | H3: =SUM('L1 Calculation Grid'!N15,'L1 Calculation Grid'!N30,'L1 Calculation Grid'!N45,'L1 Calculation Grid'!N60,'L1 Calculation Grid'!N75,'L1 Calculation Grid'!N90,'L1 Calculation Grid'!N105,'L1 Calculation Grid'!N120,'L1 Calculation Grid'!N135,'L1 Calculation Grid'!N150) -> 0.3587171 | I3: =1+IF($H$2>H3,1,0)+IF(AND($H$3>H3,COUNTIF($H$2:$H$2,$H$3)=0),1,0)+IF(AND($H$4>H3,COUNTIF($H$2:$H$3,$H$4)=0),1,0)+IF(AND($H$5>H3,COUNTIF($H$2:$H$4,$H$5)=0),1,0)+IF(AND($H$6>H3,COUNTIF($H$2:$H$5,$H$6)=0),1,0)+IF(AND($H$7>H3,COUNTIF($H$2:$H$6,$H$7)=0),1,0)+IF(AND($H$8>H3,COUNTIF($H$2:$H$7,$H$8)=0),1,0)+IF(AND($H$9>H3,COUNTIF($H$2:$H$8,$H$9)=0),1,0)+IF(AND($H$10>H3,COUNTIF($H$2:$H$9,$H$10)=0),1,0)+IF(AND($H$11>H3,COUNTIF($H$2:$H$10,$H$11)=0),1,0)+IF(AND($H$12>H3,COUNTIF($H$2:$H$11,$H$12)=0),1,0)+IF(AND($H$13>H3,COUNTIF($H$2:$H$12,$H$13)=0),1,0)+IF(AND($H$14>H3,COUNTIF($H$2:$H$13,$H$14)=0),1,0)+IF(AND($H$15>H3,COUNTIF($H$2:$H$14,$H$15)=0),1,0)+IF(AND($H$16>H3,COUNTIF($H$2:$H$15,$H$16)=0),1,0) -> 14
